component,priority,severity,isDependent,numberOfDepends,doesBlock,numberOfBlocked,reporterIsAssignee,hasCC,numberOfCC,hasAttachment,numberOfAttachment,titleReadability,descReadability,positiveCount,negativeCount,neutralCount,classlabel
UI,P3,blocker,FALSE,0,FALSE,0,FALSE,TRUE,1,FALSE,0,10.493273,13.314057,0,0,1,1
UI,P3,blocker,FALSE,0,FALSE,0,FALSE,TRUE,2,FALSE,0,14.690483,7.173732,0,0,1,1
UI,P3,critical,FALSE,0,FALSE,0,FALSE,TRUE,5,FALSE,0,5.114435,16.70014,0,0,1,1
UI,P3,critical,FALSE,0,FALSE,0,FALSE,TRUE,1,FALSE,0,4.64882,16.813517,0,0,1,1
UI,P3,critical,FALSE,0,FALSE,0,FALSE,TRUE,2,TRUE,1,10.557573,19.494838,0,0,1,1
UI,P3,critical,FALSE,0,FALSE,0,FALSE,TRUE,1,FALSE,0,43.493753,113.117723,0,1,0,1
UI,P3,critical,FALSE,0,FALSE,0,FALSE,TRUE,3,TRUE,1,11.418107,12.340086,0,0,1,1
UI,P3,critical,FALSE,0,FALSE,0,FALSE,TRUE,1,FALSE,0,23.19106,37.161772,0,1,0,1
UI,P3,critical,FALSE,0,FALSE,0,FALSE,TRUE,1,FALSE,0,15.454483,10.87213,0,0,1,1
UI,P3,major,FALSE,0,FALSE,0,FALSE,TRUE,1,TRUE,1,13.139325,7.883421,0,0,1,1
UI,P3,major,FALSE,0,FALSE,0,FALSE,TRUE,3,TRUE,2,17.170733,18.114441,0,0,1,1
UI,P3,major,FALSE,0,FALSE,0,FALSE,TRUE,1,TRUE,1,19.999214,15.257157,0,0,1,1
UI,P3,major,TRUE,1,FALSE,0,FALSE,TRUE,8,TRUE,1,4.13157,4.778569,0,0,1,1
UI,P3,major,TRUE,1,TRUE,2,FALSE,TRUE,1,FALSE,0,7.21232,6.706677,0,1,0,1
UI,P3,major,FALSE,0,FALSE,0,FALSE,TRUE,1,TRUE,1,10.158173,18.054687,0,0,1,1
UI,P3,normal,FALSE,0,FALSE,0,FALSE,TRUE,3,FALSE,0,18.156349,20.867483,0,0,1,1
UI,P3,normal,FALSE,0,FALSE,0,FALSE,TRUE,2,FALSE,0,22.477468,69.673453,0,0,1,1
UI,P3,normal,FALSE,0,FALSE,0,FALSE,FALSE,0,FALSE,0,26.599968,50.559743,1,0,0,1
UI,P3,normal,FALSE,0,FALSE,0,FALSE,TRUE,2,TRUE,1,9.032507,10.526668,0,0,1,1
UI,P3,normal,FALSE,0,FALSE,0,FALSE,TRUE,3,TRUE,1,5.489598,12.634969,0,1,0,1
UI,P3,normal,FALSE,0,FALSE,0,FALSE,TRUE,2,FALSE,0,15.520773,14.446332,0,0,1,1
UI,P3,normal,FALSE,0,FALSE,0,FALSE,TRUE,1,FALSE,0,9.817864,16.842006,0,1,0,1
UI,P3,normal,FALSE,0,FALSE,0,FALSE,TRUE,1,FALSE,0,55.536977,36.074741,0,1,0,1
UI,P3,normal,FALSE,0,FALSE,0,FALSE,TRUE,3,FALSE,0,19.562357,43.23532,0,1,0,1
UI,P3,normal,FALSE,0,FALSE,0,FALSE,TRUE,2,FALSE,0,11.782373,61.723849,0,0,1,1
UI,P3,normal,FALSE,0,FALSE,0,FALSE,TRUE,2,FALSE,0,7.692547,11.213045,0,0,1,1
UI,P3,normal,FALSE,0,FALSE,0,FALSE,TRUE,2,FALSE,0,16.65769,106.721746,0,0,1,1
UI,P3,normal,FALSE,0,FALSE,0,FALSE,TRUE,3,FALSE,0,7.996955,11.982342,0,1,0,1
UI,P3,normal,FALSE,0,FALSE,0,FALSE,TRUE,4,TRUE,1,12.579233,11.548983,0,1,0,1
UI,P3,normal,FALSE,0,FALSE,0,FALSE,TRUE,1,TRUE,1,15.162182,22.18571,0,1,0,1
UI,P3,normal,FALSE,0,FALSE,0,FALSE,TRUE,2,FALSE,0,17.450612,12.756369,0,1,0,1
UI,P3,normal,FALSE,0,FALSE,0,FALSE,TRUE,1,TRUE,2,14.764801,17.369305,0,1,0,1
UI,P3,normal,FALSE,0,FALSE,0,FALSE,TRUE,2,FALSE,0,11.380228,122.829437,0,0,1,1
UI,P3,normal,FALSE,0,FALSE,0,FALSE,TRUE,2,FALSE,0,9.025682,89.283959,0,0,1,1
UI,P3,normal,TRUE,1,TRUE,1,FALSE,FALSE,0,FALSE,0,8.218773,9.956272,0,0,1,1
UI,P3,normal,FALSE,0,FALSE,0,FALSE,TRUE,1,FALSE,0,14.107867,74.172593,0,1,0,1
UI,P3,normal,FALSE,0,FALSE,0,FALSE,TRUE,1,TRUE,1,16.77921,16.244895,0,0,1,1
UI,P3,normal,FALSE,0,FALSE,0,FALSE,TRUE,3,TRUE,1,35.820083,71.551069,0,0,1,1
UI,P3,normal,FALSE,0,FALSE,0,FALSE,TRUE,1,FALSE,0,16.863224,13.152793,0,0,1,1
UI,P3,normal,FALSE,0,FALSE,0,FALSE,TRUE,2,TRUE,2,11.840273,35.114385,0,0,1,1
UI,P3,normal,FALSE,0,FALSE,0,FALSE,TRUE,4,TRUE,2,8.859249,23.778518,1,0,0,1
UI,P3,normal,TRUE,5,FALSE,0,FALSE,TRUE,2,FALSE,0,17.390579,8.368273,0,1,0,1
UI,P3,normal,FALSE,0,TRUE,1,FALSE,TRUE,3,TRUE,1,12.263107,22.497019,0,0,1,1
UI,P3,normal,FALSE,0,FALSE,0,FALSE,TRUE,1,FALSE,0,12.821149,11.499286,0,1,0,1
UI,P3,normal,FALSE,0,FALSE,0,FALSE,TRUE,2,FALSE,0,10.810773,10.183122,0,0,1,1
UI,P3,normal,FALSE,0,FALSE,0,FALSE,TRUE,3,TRUE,1,11.53894,6.93333,0,0,1,1
UI,P3,normal,FALSE,0,FALSE,0,FALSE,TRUE,2,FALSE,0,12.079149,12.863555,0,0,1,1
UI,P3,normal,FALSE,0,FALSE,0,FALSE,TRUE,4,TRUE,1,18.382727,13.690033,0,0,1,1
UI,P3,normal,FALSE,0,FALSE,0,FALSE,TRUE,1,FALSE,0,14.169054,27.794263,0,0,1,1
UI,P3,normal,TRUE,1,FALSE,0,FALSE,TRUE,3,TRUE,2,9.454773,20.381629,0,0,1,1
UI,P3,normal,FALSE,0,FALSE,0,FALSE,TRUE,1,FALSE,0,19.48444,79.30632,0,0,1,1
UI,P3,normal,FALSE,0,FALSE,0,FALSE,TRUE,2,TRUE,3,9.072273,21.690091,0,0,1,1
UI,P3,normal,FALSE,0,FALSE,0,FALSE,TRUE,1,FALSE,0,11.342273,14.782926,1,0,0,1
UI,P3,normal,FALSE,0,FALSE,0,FALSE,FALSE,0,TRUE,1,27.891173,162.932889,0,1,0,1
UI,P3,normal,FALSE,0,FALSE,0,FALSE,TRUE,5,TRUE,3,4.36442,14.357345,0,1,0,1
UI,P3,normal,FALSE,0,FALSE,0,FALSE,TRUE,3,FALSE,0,5.41882,113.020341,0,1,0,1
UI,P3,normal,FALSE,0,FALSE,0,FALSE,TRUE,1,FALSE,0,4.983534,12.352702,0,0,1,1
UI,P3,normal,FALSE,0,FALSE,0,FALSE,TRUE,1,FALSE,0,15.892801,14.997564,0,0,1,1
UI,P3,normal,FALSE,0,FALSE,0,FALSE,TRUE,2,FALSE,0,38.882083,65.790725,0,0,1,1
UI,P3,normal,FALSE,0,FALSE,0,FALSE,TRUE,2,TRUE,2,14.907316,11.886719,0,1,0,1
UI,P3,normal,FALSE,0,FALSE,0,FALSE,TRUE,1,FALSE,0,3.672987,13.594437,1,0,0,1
UI,P3,normal,TRUE,1,FALSE,0,FALSE,TRUE,2,FALSE,0,17.656301,10.398297,0,1,0,1
UI,P3,normal,FALSE,0,FALSE,0,FALSE,TRUE,2,TRUE,1,10.630173,14.627511,0,0,1,1
UI,P3,normal,FALSE,0,FALSE,0,FALSE,TRUE,3,FALSE,0,9.374631,10.529837,0,0,1,1
UI,P3,normal,FALSE,0,FALSE,0,FALSE,TRUE,1,FALSE,0,2.51282,15.346755,0,2,0,1
UI,P3,normal,FALSE,0,FALSE,0,FALSE,TRUE,1,FALSE,0,14.58334,13.43766,0,1,0,1
UI,P3,normal,TRUE,1,FALSE,0,FALSE,TRUE,3,FALSE,0,5.319585,5.850117,0,0,1,1
UI,P3,normal,FALSE,0,FALSE,0,FALSE,TRUE,2,FALSE,0,11.113523,10.50794,0,1,0,1
UI,P3,normal,FALSE,0,FALSE,0,FALSE,TRUE,2,FALSE,0,15.192083,107.613589,0,0,2,1
UI,P3,normal,FALSE,0,FALSE,0,FALSE,TRUE,1,TRUE,1,11.71544,12.141872,0,1,1,1
UI,P3,normal,FALSE,0,FALSE,0,FALSE,TRUE,2,FALSE,0,19.499727,19.1685,0,0,1,1
UI,P3,normal,FALSE,0,FALSE,0,FALSE,TRUE,4,TRUE,2,9.157573,109.590545,0,0,1,1
UI,P3,normal,FALSE,0,FALSE,0,FALSE,TRUE,2,TRUE,3,16.160483,12.620057,0,0,1,1
UI,P3,normal,FALSE,0,FALSE,0,FALSE,TRUE,2,FALSE,0,11.30194,9.628159,0,0,1,1
UI,P3,normal,FALSE,0,FALSE,0,FALSE,TRUE,1,FALSE,0,32.573911,76.396668,0,1,0,1
UI,P3,normal,FALSE,0,FALSE,0,FALSE,TRUE,4,TRUE,1,15.440107,14.551503,0,1,0,1
UI,P3,normal,FALSE,0,FALSE,0,FALSE,TRUE,1,FALSE,0,16.111733,13.964168,0,1,0,1
UI,P3,normal,FALSE,0,FALSE,0,FALSE,TRUE,1,TRUE,1,16.102483,20.835783,0,0,1,1
UI,P3,normal,FALSE,0,FALSE,0,FALSE,TRUE,3,TRUE,1,6.92082,9.157389,0,0,1,1
UI,P3,normal,FALSE,0,FALSE,0,TRUE,TRUE,2,FALSE,0,18.504268,109.312392,0,0,1,1
UI,P3,normal,FALSE,0,FALSE,0,FALSE,TRUE,2,FALSE,0,13.221768,17.651409,0,0,1,1
UI,P3,normal,FALSE,0,FALSE,0,FALSE,TRUE,4,FALSE,0,9.559319,51.198639,0,0,1,1
UI,P3,normal,FALSE,0,FALSE,0,FALSE,TRUE,2,FALSE,0,9.344773,10.308425,0,0,1,1
UI,P3,normal,FALSE,0,FALSE,0,TRUE,FALSE,0,FALSE,0,15.996218,28.59734,0,1,0,1
UI,P3,normal,FALSE,0,FALSE,0,FALSE,TRUE,3,FALSE,0,4.60042,11.107916,0,0,1,1
UI,P3,normal,FALSE,0,FALSE,0,FALSE,TRUE,1,FALSE,0,16.671483,12.766589,0,0,1,1
UI,P3,normal,FALSE,0,FALSE,0,FALSE,TRUE,1,FALSE,0,17.322377,23.525894,0,0,1,1
UI,P3,normal,FALSE,0,FALSE,0,FALSE,TRUE,3,TRUE,1,19.89306,21.821505,0,0,1,1
UI,P3,normal,FALSE,0,FALSE,0,FALSE,TRUE,2,FALSE,0,16.039283,154.751773,0,1,0,1
UI,P3,normal,FALSE,0,FALSE,0,FALSE,TRUE,1,FALSE,0,15.06679,17.343138,0,1,0,1
UI,P3,normal,FALSE,0,FALSE,0,FALSE,TRUE,1,FALSE,0,17.030483,14.207359,0,0,1,1
UI,P3,normal,FALSE,0,FALSE,0,FALSE,TRUE,1,FALSE,0,4.35982,11.829843,0,1,0,1
UI,P3,normal,FALSE,0,FALSE,0,FALSE,TRUE,2,TRUE,1,17.281868,12.023413,0,0,1,1
UI,P3,normal,FALSE,0,FALSE,0,FALSE,TRUE,2,TRUE,1,15.952559,16.257814,0,0,1,1
UI,P3,normal,FALSE,0,FALSE,0,FALSE,TRUE,1,FALSE,0,12.625755,23.785285,0,0,1,1
UI,P3,normal,FALSE,0,FALSE,0,FALSE,TRUE,1,FALSE,0,2.518487,11.302062,0,0,1,1
UI,P3,normal,FALSE,0,FALSE,0,FALSE,TRUE,1,TRUE,1,0.38532,10.079114,0,1,0,1
UI,P3,normal,FALSE,0,FALSE,0,FALSE,TRUE,2,TRUE,1,4.02382,13.58369,1,0,0,1
UI,P3,normal,FALSE,0,FALSE,0,FALSE,TRUE,1,FALSE,0,15.37434,15.202657,0,1,0,1
UI,P3,normal,FALSE,0,FALSE,0,FALSE,TRUE,1,FALSE,0,27.974773,9.72974,0,1,0,1
UI,P3,normal,FALSE,0,FALSE,0,FALSE,TRUE,1,TRUE,1,9.99222,18.554065,0,0,1,1
UI,P3,normal,FALSE,0,FALSE,0,FALSE,TRUE,2,TRUE,1,12.982773,15.905343,0,1,0,1
UI,P3,normal,FALSE,0,FALSE,0,FALSE,TRUE,3,TRUE,3,10.761059,14.626828,0,1,0,1
UI,P3,normal,FALSE,0,FALSE,0,FALSE,TRUE,2,FALSE,0,3.319987,3.193638,0,1,0,1
UI,P3,normal,FALSE,0,FALSE,0,FALSE,TRUE,2,FALSE,0,62.408983,67.166071,0,0,1,1
UI,P3,normal,FALSE,0,FALSE,0,FALSE,TRUE,1,FALSE,0,38.555283,53.373748,0,0,1,1
UI,P3,normal,FALSE,0,FALSE,0,FALSE,TRUE,2,TRUE,1,15.59279,15.908621,1,0,0,1
UI,P3,normal,FALSE,0,TRUE,1,FALSE,TRUE,5,FALSE,0,3.364184,42.296995,0,0,1,1
UI,P3,normal,FALSE,0,FALSE,0,FALSE,TRUE,1,FALSE,0,3.54142,73.675582,0,0,1,1
UI,P3,normal,FALSE,0,FALSE,0,FALSE,TRUE,3,FALSE,0,15.827483,17.06942,1,0,0,1
UI,P3,normal,FALSE,0,FALSE,0,FALSE,TRUE,1,FALSE,0,19.623962,15.382717,0,1,0,1
UI,P3,normal,FALSE,0,FALSE,0,FALSE,TRUE,2,FALSE,0,13.675107,13.329378,0,0,1,1
UI,P3,normal,TRUE,1,FALSE,0,FALSE,TRUE,4,FALSE,0,12.723973,14.314459,0,0,1,1
UI,P3,normal,FALSE,0,FALSE,0,FALSE,TRUE,3,FALSE,0,38.012896,27.248721,0,1,2,1
UI,P3,normal,FALSE,0,FALSE,0,FALSE,TRUE,3,FALSE,0,21.877683,86.166066,0,1,0,1
UI,P3,normal,FALSE,0,FALSE,0,FALSE,TRUE,1,FALSE,0,43.638483,53.635743,0,0,1,1
UI,P3,normal,FALSE,0,FALSE,0,FALSE,TRUE,3,FALSE,0,15.095601,17.060705,0,1,1,1
UI,P3,normal,FALSE,0,FALSE,0,FALSE,TRUE,2,FALSE,0,15.772483,14.274229,0,0,1,1
UI,P3,normal,FALSE,0,FALSE,0,FALSE,TRUE,1,FALSE,0,28.044718,-2.89218,0,0,1,1
UI,P3,normal,FALSE,0,FALSE,0,TRUE,TRUE,3,FALSE,0,17.483325,16.535403,0,0,1,1
UI,P3,normal,FALSE,0,FALSE,0,FALSE,TRUE,4,FALSE,0,11.582523,37.090573,0,0,1,1
UI,P3,normal,FALSE,0,FALSE,0,FALSE,TRUE,2,FALSE,0,10.804483,31.774074,0,0,1,1
UI,P3,normal,FALSE,0,FALSE,0,FALSE,TRUE,2,TRUE,2,17.417468,21.510301,0,0,1,1
UI,P3,normal,FALSE,0,FALSE,0,FALSE,TRUE,1,TRUE,1,10.77244,20.805541,1,0,0,1
UI,P3,minor,FALSE,0,FALSE,0,FALSE,TRUE,1,FALSE,0,9.192373,17.492571,0,0,1,1
UI,P3,minor,FALSE,0,FALSE,0,FALSE,TRUE,2,FALSE,0,5.519534,14.443761,0,0,1,1
UI,P3,minor,FALSE,0,FALSE,0,FALSE,TRUE,1,FALSE,0,6.340365,44.18525,0,1,0,1
UI,P3,minor,FALSE,0,FALSE,0,FALSE,TRUE,2,TRUE,1,18.49965,14.360138,0,0,1,1
UI,P3,minor,FALSE,0,FALSE,0,FALSE,TRUE,3,FALSE,0,11.307083,14.135396,1,0,0,1
UI,P3,trivial,FALSE,0,FALSE,0,FALSE,TRUE,1,FALSE,0,4.279153,10.651797,1,0,0,1
UI,P3,trivial,FALSE,0,FALSE,0,FALSE,FALSE,0,FALSE,0,16.915286,13.627185,0,0,1,1
UI,P3,trivial,TRUE,1,FALSE,0,FALSE,TRUE,4,FALSE,0,24.542305,11.048348,0,0,1,1
UI,P3,enhancement,FALSE,0,FALSE,0,FALSE,TRUE,1,FALSE,0,21.728946,15.293444,0,1,0,1
UI,P3,enhancement,FALSE,0,FALSE,0,FALSE,TRUE,1,FALSE,0,13.327662,12.358281,1,0,0,1
UI,P3,enhancement,TRUE,1,FALSE,0,TRUE,TRUE,4,FALSE,0,13.255816,11.208911,0,1,0,1
UI,P3,enhancement,FALSE,0,FALSE,0,FALSE,TRUE,3,FALSE,0,12.844252,20.273244,0,0,1,1
UI,P3,enhancement,FALSE,0,FALSE,0,FALSE,TRUE,2,FALSE,0,6.78544,11.252237,0,0,1,1
UI,P3,enhancement,FALSE,0,FALSE,0,FALSE,TRUE,1,FALSE,0,12.079149,12.734762,1,0,0,1
UI,P3,enhancement,FALSE,0,FALSE,0,FALSE,TRUE,1,FALSE,0,10.774944,20.532463,0,1,0,1
UI,P3,enhancement,FALSE,0,FALSE,0,FALSE,TRUE,1,FALSE,0,11.265573,13.140603,0,1,0,1
Core,P3,blocker,FALSE,0,FALSE,0,FALSE,TRUE,1,TRUE,1,8.965107,11.583354,0,0,1,1
Core,P3,blocker,FALSE,0,FALSE,0,FALSE,TRUE,1,FALSE,0,6.999666,12.140473,0,0,1,1
Core,P3,critical,FALSE,0,FALSE,0,FALSE,TRUE,1,TRUE,1,10.439607,15.596676,0,0,1,1
Core,P3,critical,FALSE,0,FALSE,0,FALSE,TRUE,4,TRUE,1,9.716996,13.85502,0,0,1,1
Core,P3,critical,FALSE,0,FALSE,0,FALSE,TRUE,2,FALSE,0,13.872883,104.170928,0,1,0,1
Core,P3,critical,FALSE,0,FALSE,0,FALSE,TRUE,1,TRUE,1,13.049773,14.57062,0,0,1,1
Core,P3,critical,FALSE,0,FALSE,0,FALSE,TRUE,1,TRUE,2,9.163773,8.147378,0,0,1,1
Core,P3,critical,FALSE,0,FALSE,0,FALSE,TRUE,1,FALSE,0,17.729468,28.054489,0,0,1,1
Core,P3,major,FALSE,0,FALSE,0,FALSE,TRUE,1,FALSE,0,1.808153,15.41338,0,0,1,1
Core,P3,major,FALSE,0,FALSE,0,FALSE,TRUE,2,TRUE,1,30.585483,96.790861,1,0,0,1
Core,P3,major,FALSE,0,FALSE,0,FALSE,TRUE,3,FALSE,0,9.474373,9.152228,1,0,0,1
Core,P3,major,FALSE,0,FALSE,0,FALSE,TRUE,2,FALSE,0,5.261487,63.352722,0,0,1,1
Core,P3,major,FALSE,0,FALSE,0,FALSE,TRUE,2,FALSE,0,12.456483,34.382619,0,1,0,1
Core,P3,major,FALSE,0,FALSE,0,FALSE,TRUE,2,TRUE,2,2.03432,10.874872,0,0,1,1
Core,P3,major,FALSE,0,FALSE,0,FALSE,TRUE,5,TRUE,5,5.70782,17.925933,0,0,1,1
Core,P3,major,FALSE,0,FALSE,0,FALSE,TRUE,2,FALSE,0,15.751054,100.868057,0,0,1,1
Core,P3,normal,FALSE,0,FALSE,0,FALSE,TRUE,2,FALSE,0,4.948963,16.348146,0,1,0,1
Core,P3,normal,FALSE,0,FALSE,0,FALSE,TRUE,2,FALSE,0,8.627173,86.136603,0,0,1,1
Core,P3,normal,FALSE,0,FALSE,0,FALSE,TRUE,1,FALSE,0,41.944083,38.299902,0,0,1,1
Core,P3,normal,FALSE,0,FALSE,0,FALSE,TRUE,2,FALSE,0,10.691916,87.245245,0,1,0,1
Core,P3,normal,FALSE,0,FALSE,0,FALSE,TRUE,2,FALSE,0,26.210483,79.149148,0,1,0,1
Core,P3,normal,FALSE,0,FALSE,0,FALSE,TRUE,4,FALSE,0,23.134773,68.076505,0,0,1,1
Core,P3,normal,FALSE,0,FALSE,0,FALSE,TRUE,1,FALSE,0,30.661968,16.85032,0,1,0,1
Core,P3,normal,FALSE,0,FALSE,0,FALSE,TRUE,4,TRUE,1,13.481816,23.83709,0,0,1,1
Core,P3,normal,FALSE,0,FALSE,0,FALSE,TRUE,1,FALSE,0,9.908996,18.471755,0,0,1,1
Core,P3,normal,FALSE,0,FALSE,0,FALSE,TRUE,2,TRUE,2,17.78008,13.100232,0,0,1,1
Core,P3,normal,FALSE,0,TRUE,1,FALSE,TRUE,2,FALSE,0,14.61721,12.865416,0,0,1,1
Core,P3,normal,FALSE,0,FALSE,0,FALSE,TRUE,4,TRUE,2,16.587173,33.630827,0,0,1,1
Core,P3,normal,FALSE,0,FALSE,0,FALSE,TRUE,2,FALSE,0,10.345773,32.368618,1,0,0,1
Core,P3,normal,FALSE,0,FALSE,0,FALSE,TRUE,2,FALSE,0,18.018083,17.65372,0,0,1,1
Core,P3,normal,FALSE,0,FALSE,0,FALSE,TRUE,1,FALSE,0,28.050083,12.816293,0,0,1,1
Core,P3,normal,TRUE,1,TRUE,1,TRUE,TRUE,4,FALSE,0,12.674175,17.196431,0,0,1,1
Core,P3,normal,FALSE,0,FALSE,0,FALSE,TRUE,2,FALSE,0,26.449282,37.353965,0,1,0,1
Core,P3,normal,FALSE,0,FALSE,0,FALSE,TRUE,2,FALSE,0,11.643023,12.819483,0,0,1,1
Core,P3,normal,FALSE,0,FALSE,0,FALSE,TRUE,1,FALSE,0,15.804699,25.337868,0,0,1,1
Core,P3,normal,FALSE,0,FALSE,0,FALSE,TRUE,2,TRUE,2,9.539081,15.901614,0,1,0,1
Core,P3,normal,FALSE,0,FALSE,0,FALSE,TRUE,2,TRUE,2,24.331927,19.777671,0,1,0,1
Core,P3,normal,FALSE,0,FALSE,0,FALSE,TRUE,2,FALSE,0,26.210483,50.935961,1,0,0,1
Core,P3,normal,FALSE,0,FALSE,0,FALSE,TRUE,1,FALSE,0,14.383268,20.114366,0,0,1,1
Core,P3,normal,FALSE,0,FALSE,0,FALSE,TRUE,3,TRUE,7,11.053023,15.103578,0,0,1,1
Core,P3,normal,FALSE,0,TRUE,1,FALSE,FALSE,0,FALSE,0,2.83342,24.736718,0,0,1,1
Core,P3,normal,FALSE,0,FALSE,0,FALSE,TRUE,1,FALSE,0,13.78026,23.732773,0,0,1,1
Core,P3,normal,FALSE,0,FALSE,0,FALSE,TRUE,2,FALSE,0,7.363631,23.004973,0,1,0,1
Core,P3,normal,FALSE,0,FALSE,0,FALSE,TRUE,1,FALSE,0,23.992893,18.318892,0,1,0,1
Core,P3,normal,FALSE,0,FALSE,0,FALSE,TRUE,1,FALSE,0,14.956927,84.603827,0,0,1,1
Core,P3,normal,FALSE,0,FALSE,0,TRUE,TRUE,4,FALSE,0,41.895683,50.28575,0,0,1,1
Core,P3,normal,FALSE,0,FALSE,0,FALSE,TRUE,1,FALSE,0,16.088197,13.559021,0,0,1,1
Core,P3,normal,FALSE,0,FALSE,0,TRUE,TRUE,1,FALSE,0,17.834483,114.65728,0,0,1,1
Core,P3,normal,FALSE,0,FALSE,0,FALSE,TRUE,1,FALSE,0,13.373483,9.167841,0,1,0,1
Core,P3,normal,FALSE,0,FALSE,0,FALSE,TRUE,4,FALSE,0,15.930559,24.626059,0,0,1,1
Core,P3,normal,FALSE,0,FALSE,0,FALSE,TRUE,2,FALSE,0,18.202559,43.504309,0,1,0,1
Core,P3,normal,FALSE,0,TRUE,1,FALSE,TRUE,2,FALSE,0,9.338927,6.39758,0,0,1,1
Core,P3,normal,FALSE,0,TRUE,1,FALSE,TRUE,4,FALSE,0,16.437775,17.516525,0,0,1,1
Core,P3,normal,FALSE,0,FALSE,0,FALSE,TRUE,1,FALSE,0,10.866773,20.609387,0,0,1,1
Core,P3,normal,FALSE,0,FALSE,0,FALSE,TRUE,3,FALSE,0,8.83094,12.341636,0,0,1,1
Core,P3,normal,FALSE,0,FALSE,0,FALSE,TRUE,1,TRUE,1,10.182373,13.515658,0,1,0,1
Core,P3,normal,FALSE,0,FALSE,0,FALSE,TRUE,2,FALSE,0,18.802579,10.52062,0,1,0,1
Core,P3,normal,FALSE,0,FALSE,0,FALSE,TRUE,1,FALSE,0,5.634653,16.570218,0,0,1,1
Core,P3,normal,FALSE,0,FALSE,0,FALSE,TRUE,2,FALSE,0,10.412197,12.244631,0,0,1,1
Core,P3,normal,FALSE,0,FALSE,0,FALSE,TRUE,2,FALSE,0,14.556683,43.478084,0,1,0,1
Core,P3,normal,FALSE,0,FALSE,0,FALSE,TRUE,3,FALSE,0,14.469173,15.281936,0,1,0,1
Core,P3,normal,FALSE,0,TRUE,1,FALSE,TRUE,2,TRUE,1,20.982083,36.083488,0,0,1,1
Core,P3,normal,FALSE,0,FALSE,0,FALSE,TRUE,1,TRUE,1,12.300373,15.208326,0,0,1,1
Core,P3,normal,FALSE,0,FALSE,0,FALSE,TRUE,2,FALSE,0,41.016668,40.294926,0,0,1,1
Core,P3,normal,FALSE,0,FALSE,0,FALSE,TRUE,1,FALSE,0,9.199773,8.922346,0,0,1,1
Core,P3,normal,FALSE,0,FALSE,0,FALSE,FALSE,0,FALSE,0,16.973268,12.093065,0,1,0,1
Core,P3,normal,FALSE,0,FALSE,0,FALSE,TRUE,1,FALSE,0,14.116523,10.933309,0,0,1,1
Core,P3,normal,FALSE,0,FALSE,0,FALSE,TRUE,1,FALSE,0,26.368325,28.084928,0,0,1,1
Core,P3,normal,FALSE,0,FALSE,0,FALSE,TRUE,1,TRUE,1,21.009519,16.830714,0,0,1,1
Core,P3,normal,FALSE,0,FALSE,0,FALSE,TRUE,1,FALSE,0,17.218083,13.859129,0,1,0,1
Core,P3,normal,FALSE,0,FALSE,0,FALSE,TRUE,2,FALSE,0,23.284868,41.801013,0,0,1,1
Core,P3,normal,FALSE,0,FALSE,0,TRUE,TRUE,6,FALSE,0,9.21944,21.716841,0,1,0,1
Core,P3,normal,FALSE,0,FALSE,0,FALSE,TRUE,1,FALSE,0,32.53934,140.102292,0,1,0,1
Core,P3,normal,FALSE,0,FALSE,0,FALSE,TRUE,2,FALSE,0,10.41744,91.823217,0,0,1,1
Core,P3,normal,FALSE,0,FALSE,0,FALSE,TRUE,1,FALSE,0,8.911059,88.74583,0,0,1,1
Core,P3,normal,FALSE,0,FALSE,0,FALSE,TRUE,1,FALSE,0,7.074373,8.751964,0,0,1,1
Core,P3,normal,FALSE,0,FALSE,0,FALSE,TRUE,1,FALSE,0,11.250773,9.490902,0,1,0,1
Core,P3,normal,FALSE,0,FALSE,0,FALSE,TRUE,4,TRUE,4,15.216846,11.057478,0,0,1,1
Core,P3,normal,FALSE,0,FALSE,0,FALSE,TRUE,1,FALSE,0,11.063631,19.452289,1,0,0,1
Core,P3,normal,FALSE,0,FALSE,0,FALSE,TRUE,6,FALSE,0,14.903149,26.237019,0,1,0,1
Core,P3,normal,FALSE,0,FALSE,0,FALSE,TRUE,3,TRUE,1,19.005468,18.204899,0,1,0,1
Core,P3,normal,FALSE,0,FALSE,0,FALSE,FALSE,0,FALSE,0,23.610773,138.475658,1,0,0,1
Core,P3,normal,FALSE,0,FALSE,0,FALSE,TRUE,2,FALSE,0,7.607598,61.41834,0,1,0,1
Core,P3,normal,FALSE,0,FALSE,0,FALSE,TRUE,1,FALSE,0,14.219896,17.641564,0,0,1,1
Core,P3,minor,FALSE,0,FALSE,0,FALSE,TRUE,3,TRUE,2,26.307283,64.503996,0,1,0,1
Core,P3,enhancement,FALSE,0,FALSE,0,FALSE,TRUE,4,FALSE,0,30.067561,21.174381,0,1,0,1
Core,P3,enhancement,FALSE,0,FALSE,0,FALSE,TRUE,4,FALSE,0,18.45146,22.242325,0,0,1,1
Core,P3,enhancement,FALSE,0,FALSE,0,FALSE,TRUE,2,FALSE,0,17.904083,23.085415,0,1,0,1
Text,P2,normal,FALSE,0,FALSE,0,FALSE,TRUE,1,TRUE,2,13.098846,29.17276,0,0,1,1
Text,P3,major,FALSE,0,FALSE,0,FALSE,TRUE,1,FALSE,0,3.401534,3.15032,0,1,0,1
Text,P3,major,FALSE,0,FALSE,0,FALSE,TRUE,1,FALSE,0,17.479149,93.103656,0,1,0,1
Text,P3,normal,FALSE,0,FALSE,0,FALSE,TRUE,1,TRUE,2,13.612683,11.941822,0,0,1,1
Text,P3,normal,FALSE,0,FALSE,0,FALSE,TRUE,2,TRUE,1,5.906487,13.762145,0,1,0,1
Text,P3,normal,FALSE,0,FALSE,0,FALSE,TRUE,2,FALSE,0,17.785252,151.595703,0,0,1,1
Text,P3,normal,FALSE,0,FALSE,0,FALSE,TRUE,3,FALSE,0,14.197983,18.905994,0,0,1,1
Text,P3,normal,FALSE,0,FALSE,0,FALSE,TRUE,2,FALSE,0,10.951137,-2.89218,0,0,1,1
Text,P3,normal,FALSE,0,FALSE,0,FALSE,TRUE,1,FALSE,0,17.601054,13.282956,0,0,1,1
Text,P3,normal,FALSE,0,FALSE,0,FALSE,TRUE,2,FALSE,0,12.222773,17.389047,0,0,1,1
Text,P3,normal,FALSE,0,FALSE,0,FALSE,TRUE,7,TRUE,1,15.816733,11.252984,0,1,0,1
Text,P3,normal,FALSE,0,FALSE,0,FALSE,TRUE,1,TRUE,1,13.013233,20.281308,0,1,0,1
Text,P3,normal,FALSE,0,FALSE,0,FALSE,TRUE,1,FALSE,0,17.300377,14.508619,0,0,1,1
Text,P3,normal,FALSE,0,FALSE,0,FALSE,TRUE,1,FALSE,0,34.972883,70.353884,0,0,1,1
Text,P3,normal,FALSE,0,FALSE,0,FALSE,TRUE,2,FALSE,0,9.516202,11.744833,0,0,1,1
Text,P3,normal,FALSE,0,FALSE,0,FALSE,TRUE,6,TRUE,3,10.581773,14.597366,0,0,1,1
Text,P3,normal,FALSE,0,FALSE,0,FALSE,TRUE,1,FALSE,0,19.535468,11.931101,0,1,0,1
Text,P3,normal,FALSE,0,FALSE,0,FALSE,TRUE,3,FALSE,0,15.219149,9.586762,0,0,1,1
Text,P3,normal,FALSE,0,FALSE,0,FALSE,TRUE,1,FALSE,0,5.28422,81.226215,0,1,0,1
Text,P3,normal,FALSE,0,FALSE,0,FALSE,TRUE,2,FALSE,0,16.658768,10.685127,0,1,0,1
Text,P3,normal,FALSE,0,FALSE,0,FALSE,TRUE,1,TRUE,1,17.806283,8.354144,0,0,1,1
Text,P3,normal,FALSE,0,FALSE,0,FALSE,TRUE,2,FALSE,0,10.224955,68.845782,0,0,1,1
Text,P3,normal,FALSE,0,FALSE,0,FALSE,TRUE,1,FALSE,0,16.34563,5.670925,0,1,0,1
Text,P3,normal,FALSE,0,FALSE,0,FALSE,TRUE,2,FALSE,0,20.029227,9.996707,0,0,1,1
Text,P3,normal,FALSE,0,FALSE,0,FALSE,TRUE,2,TRUE,2,10.77244,10.92823,0,0,1,1
Text,P3,normal,FALSE,0,FALSE,0,FALSE,TRUE,1,FALSE,0,22.097753,18.297877,0,0,1,1
Text,P3,normal,FALSE,0,FALSE,0,FALSE,TRUE,1,FALSE,0,15.448483,18.247616,0,0,1,1
Text,P3,normal,FALSE,0,FALSE,0,FALSE,TRUE,1,TRUE,1,16.556316,11.244501,0,0,1,1
Text,P3,normal,FALSE,0,FALSE,0,FALSE,TRUE,1,FALSE,0,72.060268,63.970587,1,0,0,1
Text,P3,normal,FALSE,0,FALSE,0,FALSE,TRUE,1,FALSE,0,17.635626,10.105091,0,0,1,1
Text,P3,normal,FALSE,0,FALSE,0,FALSE,TRUE,6,TRUE,2,14.664237,18.800444,0,0,1,1
Text,P3,normal,FALSE,0,FALSE,0,FALSE,TRUE,1,FALSE,0,65.936268,63.163132,0,0,1,1
Text,P3,normal,FALSE,0,FALSE,0,FALSE,TRUE,3,FALSE,0,17.333054,20.37153,0,1,0,1
Text,P3,normal,FALSE,0,FALSE,0,FALSE,TRUE,1,FALSE,0,33.244733,98.26142,0,0,1,1
Text,P3,normal,FALSE,0,FALSE,0,FALSE,TRUE,1,TRUE,2,2.186911,11.395291,1,0,0,1
Text,P3,normal,FALSE,0,FALSE,0,FALSE,TRUE,1,TRUE,1,11.925173,14.452555,0,0,1,1
Text,P3,normal,FALSE,0,FALSE,0,FALSE,TRUE,1,FALSE,0,17.700233,11.874263,0,0,1,1
Text,P3,normal,FALSE,0,FALSE,0,FALSE,TRUE,4,TRUE,2,7.16622,10.5938,0,0,1,1
Text,P3,normal,FALSE,0,FALSE,0,FALSE,TRUE,2,FALSE,0,11.606373,-2.89218,0,0,1,1
Text,P3,normal,FALSE,0,FALSE,0,FALSE,TRUE,1,FALSE,0,13.049883,71.356206,0,1,0,1
Text,P3,normal,FALSE,0,FALSE,0,FALSE,TRUE,2,FALSE,0,9.897973,14.422917,0,1,0,1
Text,P3,normal,FALSE,0,FALSE,0,FALSE,TRUE,4,FALSE,0,22.227893,20.497448,1,0,1,1
Text,P3,normal,FALSE,0,FALSE,0,FALSE,TRUE,1,FALSE,0,53.755182,66.649961,0,0,1,1
Text,P3,normal,FALSE,0,FALSE,0,FALSE,TRUE,7,FALSE,0,10.796973,17.160468,0,1,0,1
Text,P3,minor,FALSE,0,FALSE,0,FALSE,TRUE,2,TRUE,1,9.61702,23.210103,0,0,1,1
Text,P3,minor,FALSE,0,FALSE,0,FALSE,TRUE,1,FALSE,0,9.262573,21.511827,1,0,0,1
Text,P3,minor,FALSE,0,FALSE,0,FALSE,TRUE,3,FALSE,0,15.996218,18.149105,0,0,1,1
Text,P3,minor,FALSE,0,FALSE,0,FALSE,TRUE,1,FALSE,0,13.848683,32.763791,0,0,1,1
Text,P3,minor,FALSE,0,FALSE,0,FALSE,TRUE,1,FALSE,0,8.30982,15.907715,0,1,0,1
Text,P3,minor,FALSE,0,FALSE,0,FALSE,TRUE,2,FALSE,0,11.337197,11.415538,0,0,1,1
Text,P3,minor,FALSE,0,FALSE,0,FALSE,TRUE,1,FALSE,0,24.989466,14.524602,0,0,1,1
Text,P3,minor,FALSE,0,FALSE,0,FALSE,TRUE,1,FALSE,0,8.140773,13.157437,0,1,0,1
Text,P3,minor,FALSE,0,FALSE,0,FALSE,TRUE,3,FALSE,0,2.56382,9.954848,0,0,1,1
Text,P3,minor,FALSE,0,FALSE,0,FALSE,TRUE,1,FALSE,0,9.970573,11.571396,0,0,1,1
Text,P3,trivial,FALSE,0,FALSE,0,FALSE,TRUE,1,FALSE,0,21.030483,30.917352,0,1,0,1
Text,P3,enhancement,FALSE,0,FALSE,0,FALSE,TRUE,2,FALSE,0,10.01041,7.32125,1,0,0,1
Text,P3,enhancement,FALSE,0,FALSE,0,FALSE,TRUE,2,FALSE,0,35.508773,11.1779,0,0,1,1
Text,P3,enhancement,FALSE,0,FALSE,0,FALSE,TRUE,1,FALSE,0,7.325512,16.547685,0,0,1,1
Text,P3,enhancement,FALSE,0,FALSE,0,FALSE,TRUE,1,FALSE,0,13.156197,15.794483,0,0,1,1
Text,P3,enhancement,FALSE,0,FALSE,0,FALSE,TRUE,1,FALSE,0,26.903579,15.606024,0,0,1,1
Text,P3,enhancement,FALSE,0,FALSE,0,FALSE,TRUE,1,FALSE,0,14.381107,26.853784,0,1,0,1
Text,P4,normal,FALSE,0,FALSE,0,FALSE,TRUE,3,FALSE,0,10.41744,91.943248,0,1,0,1
Debug,P3,critical,FALSE,0,FALSE,0,FALSE,TRUE,7,TRUE,3,4.563456,36.907061,0,0,1,1
Debug,P3,major,FALSE,0,FALSE,0,FALSE,TRUE,1,TRUE,1,10.463173,100.432601,0,0,1,1
Debug,P3,major,FALSE,0,FALSE,0,FALSE,TRUE,3,FALSE,0,10.788273,18.86161,0,0,1,1
Debug,P3,normal,FALSE,0,FALSE,0,FALSE,TRUE,2,FALSE,0,15.786483,14.950324,0,0,1,1
Debug,P3,normal,FALSE,0,FALSE,0,FALSE,TRUE,3,TRUE,1,10.422996,11.634881,0,0,1,1
Debug,P3,normal,FALSE,0,FALSE,0,FALSE,TRUE,1,FALSE,0,10.187662,24.388544,0,0,1,1
Debug,P3,normal,FALSE,0,FALSE,0,TRUE,TRUE,1,TRUE,1,13.171773,15.082483,0,0,1,1
Debug,P3,normal,FALSE,0,FALSE,0,FALSE,TRUE,2,FALSE,0,12.026119,48.808114,0,0,1,1
Debug,P3,normal,FALSE,0,FALSE,0,FALSE,TRUE,1,FALSE,0,8.810773,13.829558,0,0,1,1
Debug,P3,normal,FALSE,0,FALSE,0,FALSE,TRUE,1,FALSE,0,18.705173,38.304054,0,1,0,1
Debug,P3,normal,FALSE,0,FALSE,0,FALSE,TRUE,3,FALSE,0,7.666202,14.988993,0,0,1,1
Debug,P3,normal,FALSE,0,FALSE,0,FALSE,TRUE,1,FALSE,0,2.69422,16.263377,0,0,1,1
Debug,P3,normal,FALSE,0,TRUE,3,TRUE,TRUE,5,TRUE,1,6.164153,15.024956,0,1,0,1
Debug,P3,normal,FALSE,0,FALSE,0,FALSE,TRUE,1,FALSE,0,20.183283,15.81493,0,0,1,1
Debug,P3,normal,FALSE,0,FALSE,0,FALSE,TRUE,2,FALSE,0,13.573573,20.895951,0,0,1,1
Debug,P3,normal,FALSE,0,FALSE,0,FALSE,TRUE,3,TRUE,2,14.461059,12.683638,0,1,0,1
Debug,P3,normal,FALSE,0,FALSE,0,FALSE,TRUE,4,TRUE,1,18.362301,11.323638,0,0,1,1
Debug,P3,normal,FALSE,0,FALSE,0,FALSE,TRUE,5,FALSE,0,17.08386,20.090419,0,0,1,1
Debug,P3,normal,FALSE,0,FALSE,0,FALSE,TRUE,1,TRUE,1,18.268268,47.18942,1,0,0,1
Debug,P3,normal,FALSE,0,FALSE,0,FALSE,TRUE,1,FALSE,0,9.581319,12.632483,0,0,1,1
Debug,P3,normal,TRUE,1,FALSE,0,TRUE,TRUE,3,FALSE,0,27.941949,80.121903,0,0,1,1
Debug,P3,normal,FALSE,0,FALSE,0,FALSE,TRUE,1,TRUE,1,14.193059,46.379207,0,0,1,1
Debug,P3,normal,FALSE,0,TRUE,1,FALSE,TRUE,1,FALSE,0,29.201983,145.062342,0,0,1,1
Debug,P3,normal,FALSE,0,FALSE,0,FALSE,TRUE,1,FALSE,0,57.172773,19.57012,0,1,0,1
Debug,P3,normal,FALSE,0,FALSE,0,FALSE,TRUE,3,TRUE,2,8.640023,14.552244,1,0,0,1
Debug,P3,normal,FALSE,0,FALSE,0,FALSE,TRUE,1,FALSE,0,4.00682,13.11875,0,1,0,1
Debug,P3,normal,FALSE,0,FALSE,0,FALSE,TRUE,2,FALSE,0,20.496373,48.071424,0,1,0,1
Debug,P3,normal,FALSE,0,FALSE,0,FALSE,TRUE,1,FALSE,0,5.984897,13.812,0,0,1,1
Debug,P3,minor,FALSE,0,FALSE,0,FALSE,TRUE,1,TRUE,1,12.971107,10.528593,0,1,0,1
Debug,P3,trivial,FALSE,0,FALSE,0,FALSE,TRUE,1,FALSE,0,5.691153,11.024637,0,1,0,1
Debug,P3,enhancement,FALSE,0,FALSE,0,FALSE,FALSE,0,FALSE,0,13.429273,35.713517,0,0,1,1
Debug,P3,enhancement,TRUE,1,FALSE,0,FALSE,TRUE,4,FALSE,0,5.251534,10.128144,0,0,1,1
Doc,P3,normal,FALSE,0,FALSE,0,FALSE,TRUE,1,FALSE,0,10.935173,8.821472,0,1,0,1
Doc,P3,normal,FALSE,0,FALSE,0,FALSE,TRUE,1,FALSE,0,12.222773,5.108929,0,0,1,1
Doc,P3,enhancement,FALSE,0,FALSE,0,TRUE,FALSE,0,FALSE,0,1.59757,22.229409,0,0,1,1
APT,P3,normal,FALSE,0,FALSE,0,TRUE,TRUE,2,FALSE,0,16.027468,17.830647,0,0,1,1
Core,P3,normal,FALSE,0,TRUE,1,FALSE,TRUE,2,FALSE,0,21.715483,21.651638,0,0,1,2
UI,P3,normal,FALSE,0,FALSE,0,FALSE,TRUE,9,TRUE,3,24.227076,20.935525,0,1,0,2
Core,P3,normal,FALSE,0,FALSE,0,TRUE,TRUE,2,FALSE,0,11.33163,7.817754,0,1,0,2
UI,P3,normal,FALSE,0,FALSE,0,FALSE,TRUE,2,FALSE,0,14.319775,18.836242,0,1,0,2
Core,P3,blocker,FALSE,0,FALSE,0,FALSE,TRUE,3,FALSE,0,20.359468,18.682362,0,0,1,2
Core,P3,normal,FALSE,0,TRUE,1,TRUE,TRUE,1,FALSE,0,18.54334,117.815652,1,0,0,2
UI,P3,normal,TRUE,1,TRUE,1,TRUE,TRUE,3,FALSE,0,23.392718,21.758273,0,0,1,2
Core,P3,normal,FALSE,0,FALSE,0,TRUE,FALSE,0,FALSE,0,37.522718,145.390398,0,0,1,2
UI,P3,normal,FALSE,0,FALSE,0,FALSE,TRUE,1,FALSE,0,21.586894,25.130198,0,0,1,2
UI,P3,normal,FALSE,0,FALSE,0,FALSE,TRUE,2,FALSE,0,14.381107,16.312513,0,0,1,2
UI,P3,normal,FALSE,0,FALSE,0,TRUE,TRUE,3,FALSE,0,13.861483,-2.89218,0,1,0,2
UI,P3,normal,TRUE,1,TRUE,1,TRUE,TRUE,3,FALSE,0,12.496038,0.540106,0,0,1,2
Core,P3,normal,FALSE,0,TRUE,1,FALSE,TRUE,4,TRUE,1,5.21162,11.16346,0,0,1,2
UI,P3,normal,FALSE,0,FALSE,0,FALSE,TRUE,1,TRUE,2,17.730483,22.370827,0,1,0,2
UI,P3,normal,FALSE,0,FALSE,0,FALSE,TRUE,2,FALSE,0,5.80132,18.479849,0,1,0,2
Debug,P3,normal,FALSE,0,FALSE,0,FALSE,FALSE,0,FALSE,0,20.557468,13.959177,0,1,0,2
UI,P3,normal,FALSE,0,FALSE,0,FALSE,TRUE,3,TRUE,1,23.166061,10.736229,0,0,1,2
Core,P3,normal,FALSE,0,TRUE,1,TRUE,TRUE,1,FALSE,0,19.535468,115.198726,1,0,0,2
UI,P3,normal,FALSE,0,TRUE,1,TRUE,TRUE,3,FALSE,0,20.419149,16.60118,0,0,1,2
Core,P3,normal,FALSE,0,TRUE,1,TRUE,FALSE,0,FALSE,0,33.883683,71.850148,0,0,1,2
UI,P3,normal,FALSE,0,FALSE,0,FALSE,FALSE,0,FALSE,0,4.62462,22.847579,0,1,0,2
Core,P3,normal,FALSE,0,TRUE,2,FALSE,TRUE,2,FALSE,0,13.053016,6.755818,0,1,0,2
UI,P3,normal,TRUE,5,TRUE,3,FALSE,TRUE,5,TRUE,2,18.01626,10.868107,0,0,1,2
UI,P3,normal,TRUE,1,FALSE,0,FALSE,TRUE,1,FALSE,0,11.640773,24.853569,0,0,1,2
UI,P3,normal,FALSE,0,TRUE,1,FALSE,TRUE,4,TRUE,1,0.628153,24.791505,0,0,1,2
Core,P3,normal,FALSE,0,FALSE,0,FALSE,TRUE,3,FALSE,0,14.42144,65.438902,0,0,1,2
Core,P3,normal,FALSE,0,FALSE,0,TRUE,TRUE,2,TRUE,1,19.611668,26.388281,0,1,0,2
UI,P3,normal,FALSE,0,TRUE,1,TRUE,TRUE,7,TRUE,1,19.077286,10.069741,0,0,1,2
UI,P3,normal,FALSE,0,FALSE,0,FALSE,TRUE,1,FALSE,0,17.696634,68.108859,0,1,0,2
Core,P3,normal,FALSE,0,TRUE,1,FALSE,TRUE,1,FALSE,0,28.864107,24.996994,0,0,1,2
UI,P3,normal,TRUE,1,FALSE,0,TRUE,TRUE,2,FALSE,0,21.503683,10.710704,0,1,0,2
UI,P3,normal,FALSE,0,FALSE,0,FALSE,TRUE,5,FALSE,0,24.430483,243.7986,0,0,1,2
UI,P3,normal,FALSE,0,FALSE,0,FALSE,TRUE,8,TRUE,4,22.011769,23.614121,0,1,0,2
Core,P3,normal,FALSE,0,TRUE,2,TRUE,TRUE,4,FALSE,0,17.160868,20.394653,0,0,1,2
UI,P3,normal,TRUE,1,FALSE,0,FALSE,TRUE,1,TRUE,1,11.593868,10.421598,0,1,0,2
Core,P3,normal,TRUE,1,TRUE,2,TRUE,TRUE,4,TRUE,3,16.658768,12.136655,0,0,1,2
Core,P3,normal,FALSE,0,TRUE,1,TRUE,TRUE,2,FALSE,0,13.194216,25.053394,0,0,1,2
UI,P3,normal,FALSE,0,TRUE,1,TRUE,TRUE,4,FALSE,0,28.93706,18.80639,0,1,0,2
Core,P3,normal,FALSE,0,TRUE,1,FALSE,FALSE,0,TRUE,1,23.412894,18.544966,0,1,0,2
Core,P3,normal,FALSE,0,FALSE,0,TRUE,TRUE,3,FALSE,0,10.351488,16.636174,0,0,1,2
UI,P3,normal,FALSE,0,FALSE,0,TRUE,TRUE,1,FALSE,0,21.478149,9.423924,0,1,0,2
UI,P3,normal,TRUE,1,FALSE,0,FALSE,TRUE,2,FALSE,0,15.252934,15.268359,0,0,1,2
Debug,P3,normal,FALSE,0,FALSE,0,TRUE,TRUE,2,FALSE,0,21.405683,10.83294,0,1,0,2
UI,P3,normal,FALSE,0,FALSE,0,TRUE,FALSE,0,FALSE,0,12.702023,14.45865,0,0,1,2
Core,P3,normal,FALSE,0,TRUE,1,TRUE,FALSE,0,FALSE,0,16.866134,9.382707,0,1,0,2
Core,P3,major,TRUE,1,TRUE,1,FALSE,TRUE,8,FALSE,0,8.549273,26.144783,0,0,1,2
Core,P3,normal,FALSE,0,TRUE,1,TRUE,TRUE,6,FALSE,0,16.368927,15.71061,0,1,0,2
Core,P3,normal,TRUE,2,TRUE,4,FALSE,FALSE,0,FALSE,0,12.783483,12.591223,0,0,1,2
Text,P3,normal,FALSE,0,TRUE,2,TRUE,TRUE,4,TRUE,1,5.75032,21.350436,0,1,0,2
Core,P3,normal,FALSE,0,FALSE,0,TRUE,TRUE,1,FALSE,0,20.670668,13.95174,0,0,1,2
UI,P3,normal,TRUE,3,FALSE,0,TRUE,FALSE,0,FALSE,0,27.689218,14.287098,0,0,1,2
UI,P3,normal,TRUE,1,FALSE,0,TRUE,TRUE,1,FALSE,0,12.239649,0.540106,0,0,1,2
UI,P3,normal,FALSE,0,FALSE,0,TRUE,TRUE,2,FALSE,0,9.340273,0.842677,0,0,1,2
UI,P3,normal,FALSE,0,FALSE,0,FALSE,TRUE,2,TRUE,1,12.124107,13.03253,0,0,1,2
Core,P3,critical,FALSE,0,FALSE,0,FALSE,TRUE,2,FALSE,0,5.65942,44.971685,0,1,0,2
Core,P3,normal,TRUE,2,TRUE,3,FALSE,TRUE,7,TRUE,2,2.42207,64.222773,0,0,1,2
Core,P3,normal,FALSE,0,FALSE,0,FALSE,TRUE,1,FALSE,0,14.694488,7.633864,0,0,1,2
Text,P3,normal,FALSE,0,FALSE,0,TRUE,TRUE,2,FALSE,0,16.437775,30.480491,0,0,1,2
Text,P3,normal,TRUE,1,FALSE,0,FALSE,TRUE,4,TRUE,6,18.171028,27.099003,0,0,1,2
Core,P3,normal,FALSE,0,TRUE,1,TRUE,TRUE,1,FALSE,0,12.892944,29.546463,0,1,0,2
Core,P3,normal,FALSE,0,TRUE,1,TRUE,FALSE,0,FALSE,0,18.480068,64.398054,1,0,0,2
UI,P3,major,TRUE,1,FALSE,0,FALSE,TRUE,1,FALSE,0,0.56782,51.47215,0,1,0,2
Core,P3,normal,FALSE,0,TRUE,1,FALSE,TRUE,2,TRUE,1,12.260705,12.058877,0,0,1,2
Debug,P3,normal,FALSE,0,FALSE,0,FALSE,TRUE,1,FALSE,0,12.677973,23.972111,0,1,0,2
UI,P3,normal,TRUE,5,TRUE,1,TRUE,TRUE,6,FALSE,0,17.333054,15.486225,0,1,0,2
Core,P3,normal,FALSE,0,TRUE,1,TRUE,TRUE,2,FALSE,0,9.427884,131.963461,0,1,0,2
Core,P3,normal,FALSE,0,TRUE,1,TRUE,TRUE,1,FALSE,0,8.643059,12.832297,0,0,1,2
Doc,P3,normal,FALSE,0,FALSE,0,FALSE,TRUE,1,FALSE,0,10.732107,20.396224,1,0,0,2
UI,P3,normal,FALSE,0,FALSE,0,FALSE,TRUE,4,FALSE,0,10.01041,172.472907,0,0,1,2
Text,P3,normal,FALSE,0,FALSE,0,FALSE,TRUE,2,TRUE,1,10.935173,16.41574,0,0,1,2
Core,P3,normal,FALSE,0,TRUE,1,TRUE,FALSE,0,FALSE,0,9.213235,27.49079,0,1,0,2
Core,P3,normal,FALSE,0,FALSE,0,TRUE,TRUE,3,FALSE,0,16.360301,8.203573,0,0,1,2
Core,P3,normal,FALSE,0,FALSE,0,FALSE,TRUE,4,TRUE,2,44.859983,62.297109,0,0,1,2
Core,P3,normal,FALSE,0,FALSE,0,TRUE,TRUE,1,FALSE,0,21.977927,27.824532,0,0,1,2
Debug,P3,normal,FALSE,0,FALSE,0,TRUE,FALSE,0,FALSE,0,15.767325,32.847315,0,1,0,2
Core,P3,normal,FALSE,0,TRUE,1,TRUE,TRUE,1,FALSE,0,1.536042,42.678636,0,1,0,2
UI,P3,normal,FALSE,0,FALSE,0,TRUE,TRUE,1,FALSE,0,16.733468,23.851449,0,1,0,2
UI,P3,normal,FALSE,0,FALSE,0,FALSE,TRUE,1,TRUE,1,11.557107,10.120804,0,0,1,2
Core,P3,normal,FALSE,0,TRUE,3,TRUE,TRUE,3,FALSE,0,19.521727,17.483328,0,0,1,2
Core,P3,normal,FALSE,0,FALSE,0,FALSE,FALSE,0,FALSE,0,6.47782,12.974972,0,0,1,2
Core,P3,normal,FALSE,0,FALSE,0,TRUE,TRUE,6,FALSE,0,23.012727,17.438522,0,0,1,2
UI,P3,normal,TRUE,1,FALSE,0,FALSE,TRUE,4,FALSE,0,15.400705,36.393227,0,0,1,2
Debug,P3,normal,TRUE,1,FALSE,0,TRUE,TRUE,5,TRUE,1,2.459249,19.350556,0,0,1,2
Debug,P3,normal,FALSE,0,FALSE,0,TRUE,FALSE,0,FALSE,0,13.495316,12.426233,0,0,1,2
Core,P3,normal,FALSE,0,FALSE,0,FALSE,FALSE,0,FALSE,0,18.776768,17.21141,0,0,1,2
Core,P3,normal,FALSE,0,FALSE,0,TRUE,TRUE,1,FALSE,0,25.338197,29.522247,0,1,0,2
Core,P3,normal,FALSE,0,TRUE,5,FALSE,TRUE,5,FALSE,0,8.984107,17.251938,0,0,1,2
Core,P3,normal,FALSE,0,FALSE,0,TRUE,FALSE,0,FALSE,0,17.928804,18.269036,0,1,0,2
Text,P3,normal,FALSE,0,FALSE,0,TRUE,TRUE,2,FALSE,0,17.421068,14.184078,0,0,1,2
Doc,P3,normal,TRUE,1,FALSE,0,FALSE,TRUE,1,FALSE,0,1.27382,3.573666,0,0,1,2
Core,P3,normal,TRUE,2,FALSE,0,FALSE,TRUE,3,FALSE,0,13.557858,18.419926,1,0,0,2
UI,P3,normal,FALSE,0,FALSE,0,TRUE,TRUE,1,FALSE,0,18.125334,10.711408,0,0,1,2
Debug,P3,normal,FALSE,0,FALSE,0,TRUE,FALSE,0,FALSE,0,4.756002,6.394353,0,1,0,2
UI,P3,normal,FALSE,0,FALSE,0,FALSE,TRUE,6,TRUE,1,16.026816,30.740143,1,0,0,2
Core,P2,normal,FALSE,0,FALSE,0,FALSE,FALSE,0,FALSE,0,13.48044,12.496417,0,0,1,2
UI,P3,normal,TRUE,1,TRUE,2,TRUE,TRUE,4,FALSE,0,10.369973,15.6582,0,0,1,2
Doc,P3,normal,FALSE,0,FALSE,0,FALSE,TRUE,8,TRUE,2,11.82944,7.357146,0,0,1,2
Core,P3,normal,TRUE,1,TRUE,1,FALSE,FALSE,0,TRUE,2,18.649968,30.190121,0,0,1,2
Debug,P3,normal,FALSE,0,FALSE,0,FALSE,TRUE,1,TRUE,1,3.96502,59.737329,0,1,0,2
Core,P3,normal,FALSE,0,FALSE,0,TRUE,FALSE,0,FALSE,0,10.870846,14.838295,0,1,0,2
Debug,P3,major,FALSE,0,FALSE,0,FALSE,TRUE,2,TRUE,1,16.658768,10.920126,0,0,1,2
UI,P3,normal,FALSE,0,TRUE,1,TRUE,TRUE,2,TRUE,4,12.150996,13.93212,0,0,1,2
Core,P3,normal,FALSE,0,FALSE,0,TRUE,TRUE,2,FALSE,0,18.258628,20.080132,0,0,1,2
UI,P3,normal,FALSE,0,FALSE,0,TRUE,FALSE,0,FALSE,0,33.883483,24.457345,0,0,1,2
Core,P3,normal,FALSE,0,TRUE,3,TRUE,TRUE,1,FALSE,0,21.613773,24.284896,1,0,0,2
Core,P3,normal,FALSE,0,FALSE,0,TRUE,TRUE,2,FALSE,0,7.160773,24.862104,0,0,1,2
UI,P3,normal,TRUE,1,FALSE,0,TRUE,FALSE,0,FALSE,0,13.171773,13.326574,0,1,0,2
Core,P3,major,TRUE,1,FALSE,0,FALSE,TRUE,4,TRUE,2,-0.20468,10.922233,0,0,1,2
Debug,P3,normal,FALSE,0,FALSE,0,TRUE,FALSE,0,FALSE,0,27.778801,16.063705,0,1,0,2
Core,P3,major,FALSE,0,TRUE,1,FALSE,TRUE,3,FALSE,0,4.202487,27.064913,0,0,1,2
UI,P3,normal,FALSE,0,FALSE,0,FALSE,TRUE,3,FALSE,0,14.667816,15.761148,0,1,0,2
UI,P3,normal,FALSE,0,FALSE,0,FALSE,TRUE,16,FALSE,0,26.210483,72.650176,0,0,1,2
UI,P3,normal,FALSE,0,FALSE,0,TRUE,TRUE,2,FALSE,0,29.324327,-2.89218,0,1,0,2
UI,P3,normal,FALSE,0,FALSE,0,TRUE,TRUE,2,FALSE,0,16.963775,15.044668,0,0,1,2
Core,P3,normal,TRUE,1,TRUE,1,TRUE,TRUE,20,TRUE,6,16.916202,17.555244,0,0,1,2
Core,P3,normal,FALSE,0,FALSE,0,TRUE,TRUE,5,FALSE,0,14.703713,14.812039,0,0,1,2
Core,P3,major,FALSE,0,FALSE,0,FALSE,TRUE,4,FALSE,0,23.453626,18.668253,0,0,1,2
UI,P3,normal,TRUE,1,FALSE,0,TRUE,TRUE,1,FALSE,0,21.953727,10.987946,0,1,0,2
UI,P3,normal,FALSE,0,FALSE,0,TRUE,TRUE,3,FALSE,0,40.217868,29.1396,0,0,1,2
Core,P3,normal,FALSE,0,FALSE,0,TRUE,TRUE,2,TRUE,1,11.217173,16.393702,0,1,0,2
Core,P3,normal,FALSE,0,FALSE,0,TRUE,TRUE,1,FALSE,0,30.386768,18.814664,0,1,0,2
Core,P3,normal,FALSE,0,TRUE,1,TRUE,TRUE,2,TRUE,1,5.24132,75.552248,0,1,0,2
UI,P3,normal,TRUE,1,FALSE,0,FALSE,TRUE,4,TRUE,2,8.397273,54.311194,0,0,1,2
UI,P3,normal,FALSE,0,FALSE,0,TRUE,TRUE,2,TRUE,1,16.160483,15.260125,0,0,1,2
UI,P3,normal,TRUE,7,FALSE,0,TRUE,FALSE,0,FALSE,0,13.961816,14.351622,0,1,0,2
UI,P3,major,TRUE,1,FALSE,0,FALSE,TRUE,2,TRUE,2,16.312083,15.47614,0,0,1,2
Text,P3,normal,FALSE,0,FALSE,0,TRUE,TRUE,3,FALSE,0,10.623696,39.360408,0,0,1,2
UI,P3,normal,TRUE,1,FALSE,0,TRUE,TRUE,2,FALSE,0,22.110751,8.974142,0,1,0,2
Core,P3,normal,FALSE,0,TRUE,1,TRUE,TRUE,1,FALSE,0,17.566483,760.795921,0,0,1,2
Core,P3,normal,FALSE,0,FALSE,0,FALSE,TRUE,2,FALSE,0,17.465733,20.538707,0,0,1,2
Core,P3,normal,FALSE,0,TRUE,2,TRUE,TRUE,6,FALSE,0,10.187662,18.561289,0,0,1,2
Core,P3,normal,TRUE,20,TRUE,1,TRUE,TRUE,4,FALSE,0,1.76782,8.305916,0,1,0,2
Core,P3,normal,FALSE,0,FALSE,0,TRUE,TRUE,1,FALSE,0,7.338273,6.087628,0,1,0,2
UI,P3,normal,TRUE,1,TRUE,1,TRUE,TRUE,2,FALSE,0,2.68682,3.02982,0,0,1,2
UI,P3,normal,FALSE,0,FALSE,0,TRUE,TRUE,3,FALSE,0,15.32069,9.640382,0,1,0,2
Core,P3,normal,TRUE,1,TRUE,1,TRUE,TRUE,2,TRUE,1,10.533373,-2.89218,0,1,0,2
Core,P3,normal,FALSE,0,TRUE,1,TRUE,FALSE,0,FALSE,0,21.335626,157.721602,0,0,1,2
Core,P3,normal,FALSE,0,FALSE,0,TRUE,FALSE,0,FALSE,0,25.977911,148.899422,0,0,1,2
Core,P3,normal,FALSE,0,TRUE,1,TRUE,TRUE,1,FALSE,0,10.605973,11.68744,0,0,2,2
APT,P3,normal,FALSE,0,FALSE,0,TRUE,TRUE,2,TRUE,2,2.459249,18.359509,0,0,1,2
Core,P3,normal,FALSE,0,TRUE,1,TRUE,TRUE,1,FALSE,0,14.484483,6.672573,0,0,1,2
Core,P3,normal,FALSE,0,TRUE,1,TRUE,TRUE,1,FALSE,0,22.401828,12.341153,0,0,1,2
UI,P3,normal,FALSE,0,FALSE,0,FALSE,TRUE,2,FALSE,0,58.069468,73.199516,0,1,0,2
Core,P3,normal,FALSE,0,FALSE,0,TRUE,TRUE,4,FALSE,0,29.210373,52.023762,0,1,0,2
Text,P3,normal,FALSE,0,FALSE,0,TRUE,TRUE,1,FALSE,0,27.799468,-2.89218,0,1,0,2
APT,P3,normal,FALSE,0,FALSE,0,FALSE,TRUE,1,FALSE,0,23.731773,78.295194,0,0,1,2
Core,P3,normal,FALSE,0,TRUE,1,FALSE,TRUE,1,FALSE,0,4.34022,2.156677,0,0,1,2
UI,P3,normal,TRUE,1,FALSE,0,TRUE,FALSE,0,FALSE,0,16.234523,13.111563,0,0,1,2
Core,P3,normal,FALSE,0,FALSE,0,TRUE,FALSE,0,FALSE,0,17.36156,14.21149,0,0,1,2
Core,P3,normal,FALSE,0,TRUE,1,FALSE,TRUE,2,FALSE,0,17.434373,75.307005,0,0,1,2
Core,P3,normal,FALSE,0,FALSE,0,TRUE,TRUE,1,FALSE,0,25.39274,25.869058,0,1,0,2
UI,P3,normal,FALSE,0,FALSE,0,FALSE,TRUE,3,FALSE,0,18.65756,14.272089,0,0,1,2
Debug,P3,normal,FALSE,0,TRUE,1,FALSE,TRUE,6,TRUE,2,16.641233,18.148047,0,0,1,2
Core,P3,normal,FALSE,0,FALSE,0,FALSE,TRUE,9,TRUE,4,27.416584,22.658432,0,1,0,2
Core,P3,normal,FALSE,0,TRUE,1,FALSE,TRUE,5,TRUE,1,13.020483,12.947269,0,1,0,2
Core,P3,normal,TRUE,3,FALSE,0,FALSE,TRUE,7,FALSE,0,9.286773,19.20128,0,0,1,2
Core,P3,normal,FALSE,0,FALSE,0,TRUE,TRUE,1,FALSE,0,2.47382,10.897843,0,1,0,2
Core,P3,normal,TRUE,1,FALSE,0,TRUE,TRUE,3,FALSE,0,19.379483,16.219235,0,0,1,2
Text,P3,normal,FALSE,0,FALSE,0,TRUE,TRUE,2,TRUE,2,11.910107,10.591822,0,1,0,2
UI,P3,normal,FALSE,0,FALSE,0,FALSE,TRUE,2,FALSE,0,52.269227,40.039014,0,0,1,2
Core,P3,normal,FALSE,0,TRUE,1,TRUE,FALSE,0,FALSE,0,13.872733,17.431573,0,0,1,2
Core,P3,major,FALSE,0,FALSE,0,FALSE,TRUE,6,FALSE,0,19.788197,35.670315,0,0,1,2
Core,P3,normal,FALSE,0,TRUE,1,TRUE,TRUE,1,FALSE,0,50.787727,19.268314,0,0,1,2
Core,P3,normal,FALSE,0,TRUE,1,FALSE,TRUE,1,FALSE,0,3.77607,14.278538,0,0,1,2
UI,P3,normal,FALSE,0,TRUE,1,TRUE,TRUE,4,TRUE,2,12.971107,11.057502,0,0,1,2
Core,P3,normal,FALSE,0,FALSE,0,TRUE,TRUE,2,FALSE,0,28.574218,16.287593,0,0,1,2
Core,P3,normal,FALSE,0,FALSE,0,TRUE,TRUE,4,FALSE,0,18.533149,10.796073,0,0,1,2
Core,P3,normal,TRUE,1,TRUE,2,FALSE,TRUE,3,TRUE,1,12.844488,92.352168,0,0,1,2
Debug,P3,normal,FALSE,0,TRUE,1,TRUE,FALSE,0,FALSE,0,18.845911,14.587829,0,1,0,2
Core,P3,normal,FALSE,0,FALSE,0,FALSE,FALSE,0,FALSE,0,13.076846,20.128257,0,0,1,2
Text,P3,normal,FALSE,0,FALSE,0,TRUE,TRUE,3,FALSE,0,11.664973,27.122114,0,0,1,2
Core,P3,normal,FALSE,0,TRUE,2,FALSE,TRUE,2,FALSE,0,12.185406,14.029095,0,0,1,2
UI,P3,normal,TRUE,1,TRUE,1,TRUE,TRUE,4,FALSE,0,10.920551,13.604793,0,0,1,2
UI,P5,normal,TRUE,1,FALSE,0,FALSE,TRUE,5,TRUE,1,5.43582,10.297583,0,0,1,2
Core,P3,normal,FALSE,0,TRUE,1,TRUE,TRUE,3,FALSE,0,7.283773,7.002379,0,1,0,2
Core,P3,normal,FALSE,0,TRUE,1,TRUE,TRUE,6,TRUE,4,18.540705,30.268619,0,0,1,2
Core,P3,normal,FALSE,0,TRUE,2,FALSE,TRUE,11,FALSE,0,18.680218,6.031398,0,1,0,2
UI,P3,normal,FALSE,0,TRUE,1,TRUE,TRUE,2,FALSE,0,8.994466,12.257066,0,0,1,2
Debug,P3,major,FALSE,0,TRUE,1,TRUE,TRUE,3,FALSE,0,17.233468,12.625739,0,0,1,2
UI,P3,normal,FALSE,0,TRUE,2,FALSE,TRUE,2,FALSE,0,2.57322,2.087534,0,0,1,2
UI,P3,normal,FALSE,0,FALSE,0,TRUE,TRUE,1,FALSE,0,23.390894,16.849501,0,0,1,2
Core,P3,normal,FALSE,0,TRUE,1,TRUE,TRUE,3,FALSE,0,17.639733,14.764695,0,0,1,2
Core,P3,normal,FALSE,0,FALSE,0,TRUE,FALSE,0,FALSE,0,19.928116,20.757314,0,1,0,2
UI,P3,normal,FALSE,0,FALSE,0,FALSE,TRUE,4,FALSE,0,13.192323,9.601162,0,0,1,2
Core,P3,normal,FALSE,0,TRUE,1,TRUE,FALSE,0,FALSE,0,9.427884,11.538203,0,0,1,2
Core,P3,normal,FALSE,0,FALSE,0,TRUE,FALSE,0,FALSE,0,11.027816,24.249279,0,0,1,2
Debug,P3,normal,FALSE,0,FALSE,0,FALSE,TRUE,3,FALSE,0,14.442573,13.362872,0,0,1,2
UI,P3,normal,FALSE,0,FALSE,0,TRUE,TRUE,1,FALSE,0,14.660527,11.997784,0,0,1,2
UI,P3,normal,FALSE,0,FALSE,0,FALSE,FALSE,0,FALSE,0,25.05165,14.773719,0,0,1,2
Core,P3,normal,FALSE,0,TRUE,1,TRUE,TRUE,2,FALSE,0,20.695911,3.47782,0,1,0,2
UI,P3,normal,FALSE,0,FALSE,0,TRUE,FALSE,0,FALSE,0,21.335626,15.845868,0,0,1,2
Core,P3,normal,FALSE,0,FALSE,0,FALSE,FALSE,0,FALSE,0,24.663911,54.495468,0,0,1,2
Core,P3,normal,FALSE,0,FALSE,0,TRUE,FALSE,0,FALSE,0,15.777912,10.362501,0,0,1,2
Core,P3,normal,FALSE,0,FALSE,0,TRUE,TRUE,2,FALSE,0,19.558034,16.653458,0,0,1,2
UI,P3,normal,TRUE,1,FALSE,0,TRUE,TRUE,3,FALSE,0,15.638779,25.627439,0,1,0,2
Core,P3,normal,FALSE,0,TRUE,2,TRUE,TRUE,6,TRUE,3,10.761059,13.338617,0,1,0,2
Doc,P3,normal,FALSE,0,TRUE,1,FALSE,FALSE,0,FALSE,0,12.416149,12.56642,0,0,1,2
Core,P3,normal,FALSE,0,FALSE,0,FALSE,TRUE,7,TRUE,1,20.783753,16.844667,0,0,1,2
Core,P3,normal,FALSE,0,FALSE,0,FALSE,TRUE,2,FALSE,0,23.675983,35.651163,1,0,0,2
Core,P3,normal,FALSE,0,FALSE,0,TRUE,TRUE,2,FALSE,0,28.613727,15.568224,0,0,1,2
Core,P3,normal,TRUE,5,TRUE,1,FALSE,TRUE,3,TRUE,2,14.097864,13.90643,0,0,1,2
Core,P3,normal,FALSE,0,FALSE,0,TRUE,TRUE,1,FALSE,0,13.772068,53.431797,0,1,0,2
UI,P3,normal,TRUE,1,TRUE,1,TRUE,TRUE,6,FALSE,0,13.676483,15.761968,0,0,1,2
Core,P3,normal,FALSE,0,FALSE,0,TRUE,FALSE,0,FALSE,0,19.392301,9.993033,0,1,0,2
Core,P3,normal,FALSE,0,FALSE,0,FALSE,TRUE,2,TRUE,1,16.907929,21.102566,0,0,2,2
Core,P3,normal,FALSE,0,FALSE,0,TRUE,FALSE,0,FALSE,0,13.607983,6.909099,0,0,1,2
Core,P3,normal,FALSE,0,TRUE,1,TRUE,TRUE,3,FALSE,0,9.19462,32.731025,0,0,1,2
Core,P3,normal,FALSE,0,FALSE,0,FALSE,TRUE,1,FALSE,0,21.007483,54.499885,0,0,1,2
UI,P3,normal,TRUE,1,FALSE,0,FALSE,TRUE,3,TRUE,2,8.640592,9.216483,0,1,0,2
Text,P3,normal,FALSE,0,FALSE,0,FALSE,TRUE,1,FALSE,0,6.666264,39.258483,1,0,0,2
UI,P3,normal,FALSE,0,FALSE,0,TRUE,FALSE,0,FALSE,0,19.247831,17.844532,0,0,1,2
Core,P3,normal,FALSE,0,FALSE,0,FALSE,TRUE,2,TRUE,2,19.485626,22.196007,0,1,0,2
UI,P3,normal,FALSE,0,TRUE,1,TRUE,TRUE,2,TRUE,1,14.993611,18.569215,0,1,0,2
UI,P3,normal,FALSE,0,FALSE,0,FALSE,TRUE,2,FALSE,0,17.922013,30.750855,0,1,0,2
Core,P3,normal,FALSE,0,TRUE,1,TRUE,FALSE,0,FALSE,0,44.52544,40.531198,0,1,0,2
Debug,P3,normal,FALSE,0,TRUE,1,TRUE,FALSE,0,FALSE,0,9.699023,11.317773,0,1,0,2
Text,P3,normal,FALSE,0,FALSE,0,FALSE,FALSE,0,FALSE,0,10.983573,16.168584,0,0,1,2
Core,P3,normal,FALSE,0,TRUE,1,TRUE,TRUE,6,FALSE,0,12.765483,14.929303,0,1,0,2
Doc,P3,normal,FALSE,0,FALSE,0,FALSE,TRUE,5,FALSE,0,1.09832,2.64582,0,1,0,2
Core,P3,major,FALSE,0,TRUE,1,TRUE,TRUE,1,FALSE,0,10.611194,79.93916,0,0,1,2
UI,P3,normal,TRUE,1,FALSE,0,TRUE,FALSE,0,FALSE,0,14.398634,0.540106,0,0,1,2
Core,P3,normal,FALSE,0,FALSE,0,FALSE,TRUE,4,TRUE,1,17.981031,19.596195,0,1,0,2
UI,P3,normal,FALSE,0,FALSE,0,TRUE,TRUE,1,FALSE,0,14.868626,86.248836,0,0,1,2
Core,P3,normal,FALSE,0,FALSE,0,FALSE,TRUE,3,FALSE,0,28.041268,119.234943,0,0,1,2
Core,P3,normal,FALSE,0,FALSE,0,TRUE,TRUE,7,FALSE,0,18.305023,31.523979,0,0,2,2
Core,P3,normal,FALSE,0,TRUE,1,TRUE,TRUE,4,FALSE,0,2.15732,3.366963,0,1,0,2
Core,P3,normal,FALSE,0,TRUE,1,TRUE,TRUE,5,TRUE,1,23.354927,27.099916,0,0,1,2
Core,P3,normal,FALSE,0,TRUE,1,TRUE,TRUE,5,FALSE,0,8.251218,22.750205,0,0,1,2
APT,P3,normal,FALSE,0,FALSE,0,FALSE,TRUE,5,TRUE,1,47.219983,50.304832,0,0,1,2
Debug,P3,normal,FALSE,0,FALSE,0,FALSE,TRUE,1,FALSE,0,73.331068,48.135704,0,0,1,2
Core,P3,normal,FALSE,0,TRUE,1,FALSE,TRUE,4,FALSE,0,13.668483,15.871134,0,0,1,2
UI,P3,normal,FALSE,0,FALSE,0,TRUE,TRUE,3,FALSE,0,11.957864,14.450727,0,0,1,2
Core,P3,normal,FALSE,0,TRUE,1,FALSE,TRUE,2,FALSE,0,34.745273,21.590291,0,0,1,2
UI,P3,normal,TRUE,1,FALSE,0,FALSE,TRUE,19,FALSE,0,18.996182,10.65678,0,0,1,2
UI,P3,normal,FALSE,0,FALSE,0,FALSE,TRUE,4,FALSE,0,20.094718,22.728702,0,0,1,2
Core,P3,normal,FALSE,0,FALSE,0,TRUE,FALSE,0,FALSE,0,11.505768,10.542937,0,0,1,2
UI,P3,normal,FALSE,0,FALSE,0,TRUE,TRUE,2,FALSE,0,23.199912,18.869103,0,0,1,2
Text,P3,normal,TRUE,1,FALSE,0,TRUE,TRUE,1,FALSE,0,12.923071,18.937425,0,0,1,2
Core,P3,normal,FALSE,0,TRUE,1,TRUE,TRUE,1,FALSE,0,8.553607,6.36082,0,0,1,2
Core,P3,normal,FALSE,0,FALSE,0,TRUE,TRUE,2,FALSE,0,14.039574,14.284057,0,0,1,2
Debug,P3,normal,FALSE,0,FALSE,0,FALSE,TRUE,3,FALSE,0,19.848483,18.282292,0,0,1,2
Debug,P3,normal,FALSE,0,FALSE,0,TRUE,TRUE,1,FALSE,0,5.718729,181.728526,0,1,0,2
Text,P3,major,TRUE,1,FALSE,0,TRUE,TRUE,3,FALSE,0,4.20102,21.120896,0,1,0,2
UI,P3,normal,FALSE,0,TRUE,1,TRUE,TRUE,4,FALSE,0,10.194373,15.261622,0,0,1,2
Core,P3,major,FALSE,0,TRUE,1,FALSE,TRUE,2,FALSE,0,18.096927,11.911992,0,0,1,2
Core,P3,normal,FALSE,0,FALSE,0,FALSE,TRUE,4,FALSE,0,32.903283,49.81194,0,2,0,2
UI,P3,normal,FALSE,0,TRUE,1,FALSE,TRUE,4,FALSE,0,10.58195,19.571437,0,0,1,2
UI,P3,normal,FALSE,0,TRUE,1,FALSE,TRUE,4,FALSE,0,9.074973,54.897936,0,1,0,2
UI,P3,normal,FALSE,0,FALSE,0,TRUE,TRUE,3,FALSE,0,9.427884,16.966392,0,1,0,2
Core,P3,normal,FALSE,0,TRUE,1,TRUE,FALSE,0,FALSE,0,11.715252,10.581773,0,0,1,2
Core,P3,normal,TRUE,1,FALSE,0,TRUE,TRUE,1,FALSE,0,11.689983,4.09207,0,1,0,2
Core,P3,normal,FALSE,0,TRUE,1,TRUE,TRUE,2,FALSE,0,14.166119,11.369783,1,0,0,2
UI,P3,normal,TRUE,1,TRUE,1,TRUE,TRUE,2,FALSE,0,20.098727,18.268922,0,1,0,2
Core,P3,normal,FALSE,0,TRUE,1,TRUE,FALSE,0,FALSE,0,22.182468,-2.89218,0,1,0,2
Debug,P3,normal,FALSE,0,FALSE,0,FALSE,TRUE,1,FALSE,0,16.649218,30.926142,0,0,1,2
UI,P3,normal,FALSE,0,FALSE,0,FALSE,TRUE,3,TRUE,5,12.726373,13.671067,0,1,0,2
Core,P3,normal,FALSE,0,TRUE,3,FALSE,TRUE,3,TRUE,5,13.055867,20.17437,0,1,0,2
Core,P3,normal,FALSE,0,FALSE,0,FALSE,TRUE,7,TRUE,1,13.564268,14.383792,0,0,2,2
Core,P3,normal,TRUE,1,TRUE,1,TRUE,TRUE,1,FALSE,0,16.893372,17.176427,0,1,0,2
Text,P3,normal,TRUE,1,FALSE,0,FALSE,TRUE,3,TRUE,1,16.910683,0.87882,0,1,0,2
Core,P3,normal,FALSE,0,TRUE,1,FALSE,FALSE,0,FALSE,0,11.715252,12.169098,0,0,1,2
Core,P3,normal,FALSE,0,FALSE,0,TRUE,FALSE,0,FALSE,0,17.246602,-2.89218,0,0,1,2
Core,P3,normal,FALSE,0,TRUE,1,TRUE,FALSE,0,FALSE,0,20.558483,76.696144,0,0,1,2
Doc,P3,normal,FALSE,0,FALSE,0,FALSE,TRUE,1,TRUE,1,16.600699,19.429957,0,1,0,2
Core,P3,normal,FALSE,0,TRUE,1,TRUE,FALSE,0,FALSE,0,11.763149,8.140773,0,0,1,2
UI,P3,normal,FALSE,0,FALSE,0,TRUE,FALSE,0,FALSE,0,13.053197,40.399504,0,0,1,2
Core,P3,normal,FALSE,0,TRUE,1,TRUE,TRUE,1,FALSE,0,9.050773,11.699583,0,1,0,2
Core,P3,normal,FALSE,0,FALSE,0,FALSE,TRUE,6,TRUE,3,9.438329,9.349778,0,1,0,2
Text,P3,normal,FALSE,0,FALSE,0,TRUE,TRUE,4,TRUE,3,10.476773,9.114584,0,0,1,2
Core,P3,normal,FALSE,0,FALSE,0,TRUE,TRUE,1,FALSE,0,26.160171,27.701053,0,0,1,2
Doc,P3,normal,FALSE,0,FALSE,0,FALSE,TRUE,1,FALSE,0,10.353696,48.744102,0,1,0,2
UI,P3,normal,FALSE,0,FALSE,0,TRUE,FALSE,0,FALSE,0,16.712428,39.441125,0,1,0,2
Core,P3,normal,FALSE,0,FALSE,0,FALSE,TRUE,1,FALSE,0,19.270218,20.585143,0,0,1,2
Core,P3,normal,FALSE,0,FALSE,0,FALSE,FALSE,0,FALSE,0,29.026773,114.90548,0,0,1,2
Core,P3,normal,FALSE,0,FALSE,0,FALSE,FALSE,0,FALSE,0,4.82502,10.455505,0,1,0,2
Core,P3,normal,FALSE,0,TRUE,1,FALSE,TRUE,7,FALSE,0,2.83342,30.774181,0,0,1,2
Core,P3,normal,TRUE,2,FALSE,0,FALSE,TRUE,2,FALSE,0,20.468733,20.077126,0,1,0,2
Core,P3,normal,FALSE,0,FALSE,0,TRUE,TRUE,3,TRUE,1,17.730483,11.885739,0,1,0,2
Core,P3,normal,FALSE,0,FALSE,0,TRUE,TRUE,2,FALSE,0,21.106527,27.420116,0,0,1,2
UI,P3,normal,TRUE,1,TRUE,1,TRUE,FALSE,0,FALSE,0,21.635985,0.540106,0,1,0,2
Core,P3,normal,FALSE,0,TRUE,2,TRUE,TRUE,10,FALSE,0,8.224329,9.125443,0,1,0,2
Text,P3,normal,FALSE,0,FALSE,0,TRUE,TRUE,3,FALSE,0,17.334283,15.600341,0,0,1,2
UI,P2,normal,FALSE,0,FALSE,0,FALSE,FALSE,0,FALSE,0,16.356197,14.3897,0,1,0,2
Graphics:WebRender,P5,normal,FALSE,0,TRUE,1,FALSE,TRUE,5,FALSE,0,73.252477,116.600109,0,1,0,1
Graphics:WebRender,P3,critical,FALSE,0,TRUE,2,FALSE,TRUE,5,FALSE,0,39.993973,45.942686,0,0,1,1
Graphics:WebRender,P2,normal,FALSE,0,TRUE,3,FALSE,TRUE,8,TRUE,1,16.051233,14.305985,0,0,1,1
Graphics:WebRender,P5,normal,TRUE,1,TRUE,1,FALSE,TRUE,5,FALSE,0,46.675024,31.57062,0,0,1,1
Graphics:WebRender,P1,normal,FALSE,0,TRUE,1,FALSE,TRUE,3,TRUE,1,15.281134,12.406453,0,1,0,1
Graphics:WebRender,P3,critical,FALSE,0,TRUE,1,FALSE,TRUE,3,FALSE,0,42.757218,60.788008,0,1,0,1
Graphics:WebRender,P2,normal,FALSE,0,TRUE,1,FALSE,TRUE,7,TRUE,1,13.650083,18.178257,0,1,0,1
Graphics:WebRender,P3,critical,FALSE,0,TRUE,2,FALSE,TRUE,1,FALSE,0,26.813483,55.618391,0,0,1,1
Graphics:WebRender,P3,critical,FALSE,0,TRUE,1,FALSE,TRUE,3,FALSE,0,32.310149,54.120818,0,1,0,1
Graphics:WebRender,P3,normal,FALSE,0,TRUE,2,FALSE,TRUE,2,FALSE,0,16.495816,15.453173,0,0,1,1
Audio/Video:Playback,??,normal,FALSE,0,FALSE,0,FALSE,FALSE,0,TRUE,1,16.468337,18.493796,0,1,0,1
Audio/Video:Playback,P2,normal,FALSE,0,FALSE,0,FALSE,TRUE,7,FALSE,0,17.390927,14.938508,0,0,1,1
Audio/Video:Playback,??,normal,FALSE,0,FALSE,0,FALSE,TRUE,1,FALSE,0,11.640773,15.760309,0,0,1,1
Audio/Video:Playback,P3,critical,FALSE,0,FALSE,0,FALSE,TRUE,5,FALSE,0,35.750927,299.815272,0,0,1,1
Audio/Video:Playback,??,normal,FALSE,0,FALSE,0,FALSE,TRUE,3,TRUE,4,12.965816,10.752078,0,1,0,1
Audio/Video:Playback,P3,normal,FALSE,0,TRUE,1,FALSE,TRUE,4,FALSE,0,21.309953,16.800819,0,0,1,1
Audio/Video:Playback,P2,normal,FALSE,0,FALSE,0,FALSE,TRUE,4,FALSE,0,12.830107,14.321842,0,0,1,1
Audio/Video:Playback,P3,normal,FALSE,0,TRUE,1,FALSE,TRUE,2,FALSE,0,13.872883,5.385372,0,0,1,1
Audio/Video:Playback,??,normal,FALSE,0,TRUE,1,FALSE,TRUE,4,FALSE,0,7.572107,15.128117,2,0,0,1
Audio/Video:Playback,??,normal,FALSE,0,TRUE,1,FALSE,TRUE,2,FALSE,0,10.41744,12.773594,0,0,1,1
Widget:Gtk,P3,normal,FALSE,0,TRUE,1,FALSE,TRUE,6,FALSE,0,20.593968,10.360212,0,1,0,1
Widget:Gtk,P3,normal,FALSE,0,TRUE,1,FALSE,TRUE,3,TRUE,1,19.599727,14.793583,0,0,1,1
Widget:Gtk,P2,normal,FALSE,0,TRUE,1,FALSE,TRUE,6,TRUE,2,14.727483,22.322917,0,1,0,1
Widget:Gtk,??,normal,FALSE,0,FALSE,0,FALSE,TRUE,3,TRUE,1,12.112773,32.878211,0,0,1,1
Widget:Gtk,P3,normal,TRUE,1,TRUE,3,FALSE,TRUE,2,TRUE,1,15.93488,22.433625,0,0,1,1
Widget:Gtk,??,normal,FALSE,0,TRUE,1,FALSE,TRUE,1,TRUE,1,23.762389,13.470375,0,0,1,1
Widget:Gtk,??,normal,FALSE,0,FALSE,0,FALSE,FALSE,0,TRUE,1,9.952329,15.950843,0,0,1,1
Widget:Gtk,??,normal,FALSE,0,TRUE,2,FALSE,TRUE,6,TRUE,1,22.038171,22.29815,0,0,1,1
Widget:Gtk,??,normal,FALSE,0,TRUE,1,FALSE,TRUE,2,FALSE,0,18.358801,12.55097,0,0,1,1
Widget:Gtk,??,normal,FALSE,0,FALSE,0,FALSE,TRUE,2,FALSE,0,12.173549,14.116622,0,0,1,1
Graphics,P5,critical,FALSE,0,FALSE,0,FALSE,TRUE,1,FALSE,0,27.767779,73.98354,1,0,0,1
Graphics,??,normal,FALSE,0,FALSE,0,FALSE,TRUE,3,FALSE,0,5.75032,20.790801,0,0,1,1
Graphics,P2,critical,FALSE,0,FALSE,0,FALSE,TRUE,2,FALSE,0,17.135773,32.740048,0,0,1,1
Graphics,P3,normal,FALSE,0,FALSE,0,FALSE,TRUE,4,FALSE,0,10.086773,11.108733,0,1,0,1
Graphics,??,normal,FALSE,0,FALSE,0,FALSE,TRUE,2,TRUE,2,4.01342,21.164491,0,1,0,1
Graphics,P3,normal,FALSE,0,FALSE,0,FALSE,TRUE,4,FALSE,0,8.965107,20.400102,0,0,1,1
Graphics,P3,normal,FALSE,0,FALSE,0,FALSE,TRUE,1,TRUE,1,16.875733,17.395238,0,0,1,1
Graphics,P2,normal,FALSE,0,FALSE,0,FALSE,TRUE,6,FALSE,0,9.481631,16.352468,0,0,1,1
Graphics,??,normal,FALSE,0,FALSE,0,FALSE,TRUE,3,TRUE,2,13.518038,13.720067,0,0,1,1
Graphics,P3,normal,FALSE,0,FALSE,0,FALSE,TRUE,4,TRUE,1,7.325512,34.930421,0,0,1,1
DOM:Core&HTML,P2,normal,FALSE,0,TRUE,1,TRUE,TRUE,3,FALSE,0,18.908468,48.91545,0,0,1,1
DOM:Core&HTML,P2,normal,FALSE,0,FALSE,0,FALSE,TRUE,6,FALSE,0,23.637416,104.809397,0,1,0,1
DOM:Core&HTML,??,critical,FALSE,0,FALSE,0,FALSE,TRUE,2,FALSE,0,29.083594,30.942076,0,1,0,1
DOM:Core&HTML,??,critical,FALSE,0,TRUE,2,FALSE,TRUE,4,FALSE,0,33.973773,41.731892,0,1,0,1
DOM:Core&HTML,??,normal,FALSE,0,FALSE,0,FALSE,TRUE,3,FALSE,0,22.440134,29.900008,0,0,1,1
DOM:Core&HTML,??,normal,FALSE,0,FALSE,0,FALSE,TRUE,1,TRUE,1,22.772728,16.726064,0,0,1,1
DOM:Core&HTML,P3,normal,FALSE,0,FALSE,0,FALSE,TRUE,2,TRUE,2,24.939683,30.027677,0,0,1,1
DOM:Core&HTML,P3,critical,FALSE,0,TRUE,1,FALSE,TRUE,4,FALSE,0,30.856373,35.87263,0,0,1,1
DOM:Core&HTML,??,normal,FALSE,0,FALSE,0,FALSE,TRUE,1,FALSE,0,26.268816,16.921815,0,0,1,1
DOM:Core&HTML,??,normal,FALSE,0,FALSE,0,FALSE,TRUE,4,TRUE,1,14.59994,18.62246,0,0,1,1
JavaScriptEngine,??,critical,FALSE,0,FALSE,0,FALSE,FALSE,0,FALSE,0,36.152273,28.047177,1,0,0,1
JavaScriptEngine,P1,critical,FALSE,0,FALSE,0,FALSE,TRUE,5,TRUE,1,29.964611,56.770409,0,1,0,1
JavaScriptEngine,P2,critical,TRUE,1,FALSE,0,FALSE,TRUE,11,FALSE,0,28.948727,18.719358,0,0,1,1
JavaScriptEngine,??,normal,FALSE,0,FALSE,0,FALSE,TRUE,1,FALSE,0,14.945831,18.217048,0,0,1,1
JavaScriptEngine,P5,critical,FALSE,0,FALSE,0,FALSE,TRUE,2,FALSE,0,20.278037,114.575216,0,0,1,1
JavaScriptEngine,P3,critical,FALSE,0,TRUE,2,FALSE,TRUE,8,FALSE,0,21.478149,75.882052,0,1,0,1
JavaScriptEngine,??,critical,FALSE,0,TRUE,1,FALSE,TRUE,8,FALSE,0,35.803144,81.453918,0,1,0,1
JavaScriptEngine,??,critical,FALSE,0,FALSE,0,FALSE,TRUE,5,FALSE,0,20.433773,40.233446,0,1,1,1
JavaScriptEngine,P5,normal,FALSE,0,FALSE,0,FALSE,TRUE,4,FALSE,0,15.003149,12.851207,0,0,1,1
JavaScriptEngine,P5,critical,FALSE,0,FALSE,0,FALSE,TRUE,3,FALSE,0,44.507327,63.450687,0,1,0,1
Layout,P3,normal,TRUE,1,FALSE,0,FALSE,TRUE,3,TRUE,1,13.636883,23.830402,0,0,1,1
Layout,P3,normal,FALSE,0,FALSE,0,FALSE,TRUE,5,FALSE,0,11.347907,10.455334,1,0,0,1
Layout,??,normal,FALSE,0,TRUE,1,FALSE,TRUE,2,FALSE,0,9.89584,14.293786,0,0,1,1
Layout,??,normal,FALSE,0,FALSE,0,FALSE,TRUE,2,TRUE,1,10.17824,29.924672,0,0,1,1
Layout,??,normal,FALSE,0,FALSE,0,FALSE,TRUE,2,TRUE,1,11.203197,14.391388,0,0,1,1
Layout,P3,normal,FALSE,0,FALSE,0,FALSE,TRUE,1,FALSE,0,11.599662,16.191279,0,0,1,1
Layout,P3,normal,FALSE,0,TRUE,1,FALSE,TRUE,7,TRUE,1,25.536228,137.936384,0,0,1,1
Layout,P2,normal,FALSE,0,TRUE,1,FALSE,TRUE,3,TRUE,1,41.700254,142.943265,0,0,1,1
Layout,P3,normal,FALSE,0,FALSE,0,FALSE,TRUE,5,FALSE,0,13.122149,24.641006,0,0,1,1
Layout,P3,normal,FALSE,0,FALSE,0,FALSE,TRUE,2,TRUE,8,13.872883,22.909181,0,0,1,1
Networking,??,critical,FALSE,0,FALSE,0,FALSE,TRUE,2,FALSE,0,15.101938,70.565623,0,0,1,1
Networking,P3,normal,TRUE,1,TRUE,1,FALSE,TRUE,2,FALSE,0,13.550816,56.491555,0,0,1,1
Networking,??,normal,FALSE,0,FALSE,0,FALSE,TRUE,2,FALSE,0,13.291392,22.827644,0,1,0,1
Networking,??,normal,FALSE,0,FALSE,0,FALSE,TRUE,4,FALSE,0,11.886649,34.644976,0,0,1,1
Networking,P2,normal,FALSE,0,TRUE,1,TRUE,TRUE,2,TRUE,1,18.229733,29.030894,1,0,0,1
Networking,??,normal,FALSE,0,FALSE,0,FALSE,TRUE,2,FALSE,0,14.137483,16.210991,0,1,1,1
Networking,??,normal,FALSE,0,FALSE,0,FALSE,TRUE,4,FALSE,0,14.814773,18.076851,0,0,1,1
Networking,??,normal,FALSE,0,FALSE,0,FALSE,TRUE,2,FALSE,0,18.770968,35.180198,0,1,0,1
Networking,??,normal,FALSE,0,FALSE,0,FALSE,TRUE,2,FALSE,0,17.199411,59.021163,0,0,1,1
Privacy:Anti-Tracking,??,??,FALSE,0,FALSE,0,FALSE,TRUE,10,FALSE,0,24.566338,22.490583,1,0,0,1
CSSParsingandComputation,??,blocker,FALSE,0,FALSE,0,FALSE,FALSE,0,FALSE,0,10.753488,23.574114,0,0,1,1
CSSParsingandComputation,P3,critical,FALSE,0,FALSE,0,FALSE,TRUE,1,FALSE,0,33.409483,57.56379,0,0,1,1
CSSParsingandComputation,P3,normal,FALSE,0,TRUE,1,FALSE,TRUE,3,FALSE,0,22.811727,22.578333,0,0,1,1
CSSParsingandComputation,??,critical,FALSE,0,FALSE,0,FALSE,TRUE,2,FALSE,0,39.345504,593.648793,0,0,1,1
CSSParsingandComputation,P3,normal,TRUE,2,FALSE,0,FALSE,TRUE,5,TRUE,1,11.102107,13.584648,0,0,1,1
CSSParsingandComputation,P2,critical,FALSE,0,FALSE,0,FALSE,TRUE,6,FALSE,0,44.987273,19.226683,0,0,1,1
CSSParsingandComputation,P3,critical,FALSE,0,FALSE,0,FALSE,TRUE,22,TRUE,2,25.696818,38.576707,0,0,1,1
CSSParsingandComputation,P2,critical,TRUE,1,FALSE,0,FALSE,TRUE,4,FALSE,0,28.699483,50.942116,1,1,0,1
CSSParsingandComputation,P3,normal,FALSE,0,FALSE,0,FALSE,TRUE,1,TRUE,2,15.848718,22.213478,0,1,0,1
CSSParsingandComputation,P3,normal,FALSE,0,FALSE,0,FALSE,TRUE,6,FALSE,0,15.591483,16.535957,0,0,1,1
Security:PSM,??,normal,FALSE,0,FALSE,0,FALSE,TRUE,4,FALSE,0,9.481631,33.612777,0,0,1,1
Security:PSM,??,normal,FALSE,0,FALSE,0,FALSE,TRUE,9,TRUE,1,16.122649,12.87943,0,1,0,1
Security:PSM,??,normal,FALSE,0,FALSE,0,FALSE,TRUE,4,FALSE,0,6.13142,20.814325,0,1,0,1
Security:PSM,??,normal,FALSE,0,FALSE,0,FALSE,TRUE,1,FALSE,0,11.634202,18.684029,0,0,1,1
Security:PSM,??,normal,FALSE,0,FALSE,0,FALSE,TRUE,2,TRUE,1,1.32662,17.165315,0,0,1,1
Security:PSM,??,normal,FALSE,0,FALSE,0,FALSE,TRUE,3,FALSE,0,28.380327,34.880755,0,1,0,1
Security:PSM,??,critical,FALSE,0,FALSE,0,FALSE,TRUE,5,TRUE,1,11.765319,15.841222,0,1,0,1
Security:PSM,??,major,FALSE,0,TRUE,1,FALSE,TRUE,2,FALSE,0,21.190394,14.808161,0,0,1,1
Security:PSM,??,normal,FALSE,0,FALSE,0,FALSE,TRUE,3,TRUE,2,16.422705,14.162719,0,0,1,1
Security:PSM,??,normal,FALSE,0,FALSE,0,FALSE,TRUE,3,FALSE,0,12.336233,17.534944,0,0,1,1
General,??,normal,FALSE,0,FALSE,0,FALSE,FALSE,0,FALSE,0,1.92282,17.208437,0,0,1,1
General,??,critical,FALSE,0,FALSE,0,FALSE,FALSE,0,FALSE,0,25.676373,31.822867,0,0,1,1
General,??,normal,FALSE,0,FALSE,0,FALSE,TRUE,3,TRUE,1,22.605983,14.437605,0,0,1,1
General,??,critical,FALSE,0,FALSE,0,FALSE,FALSE,0,FALSE,0,17.308237,10.260681,1,0,0,1
General,??,normal,FALSE,0,FALSE,0,FALSE,TRUE,7,FALSE,0,35.849275,24.584746,0,0,1,1
General,??,normal,FALSE,0,FALSE,0,FALSE,TRUE,1,FALSE,0,25.147894,18.302613,0,0,1,1
General,??,normal,FALSE,0,FALSE,0,FALSE,TRUE,1,FALSE,0,3.573153,35.73118,0,0,1,1
General,??,normal,FALSE,0,FALSE,0,FALSE,TRUE,1,FALSE,0,18.976268,12.462163,0,1,0,1
General,??,critical,FALSE,0,FALSE,0,FALSE,TRUE,2,FALSE,0,37.960393,68.240883,0,0,1,1
General,P3,normal,FALSE,0,TRUE,1,FALSE,TRUE,9,TRUE,1,19.634023,160.014894,0,1,0,1
Widget:Cocoa,P3,normal,FALSE,0,FALSE,0,FALSE,TRUE,4,TRUE,1,14.276119,15.06989,0,1,0,1
Widget:Cocoa,??,normal,FALSE,0,TRUE,1,FALSE,TRUE,5,TRUE,1,8.251218,14.64065,0,0,1,1
Widget:Cocoa,P3,normal,FALSE,0,TRUE,1,FALSE,TRUE,5,FALSE,0,8.863173,85.307408,0,0,1,1
Widget:Cocoa,P1,normal,FALSE,0,FALSE,0,FALSE,TRUE,3,TRUE,5,18.417256,13.466486,0,0,1,1
Widget:Cocoa,P3,normal,FALSE,0,FALSE,0,FALSE,TRUE,3,TRUE,1,13.586713,13.74834,0,1,0,1
Widget:Cocoa,P3,normal,FALSE,0,FALSE,0,FALSE,TRUE,2,FALSE,0,13.086534,14.641161,0,0,1,1
Widget:Cocoa,P3,normal,FALSE,0,FALSE,0,FALSE,TRUE,1,FALSE,0,6.869403,14.76964,0,0,1,1
Widget:Cocoa,P3,normal,FALSE,0,TRUE,1,FALSE,TRUE,4,TRUE,3,5.42507,102.588773,0,0,1,1
Widget:Cocoa,??,normal,FALSE,0,FALSE,0,FALSE,TRUE,2,TRUE,1,3.648128,13.343503,0,0,1,1
Widget:Cocoa,??,normal,FALSE,0,FALSE,0,FALSE,TRUE,2,TRUE,1,11.22463,13.416387,0,2,0,1
DisabilityAccessAPIs,??,critical,FALSE,0,TRUE,1,FALSE,TRUE,5,FALSE,0,13.46426,35.554027,0,0,1,1
DisabilityAccessAPIs,??,critical,FALSE,0,TRUE,2,FALSE,TRUE,3,FALSE,0,23.792273,44.036631,0,0,1,1
DisabilityAccessAPIs,??,normal,FALSE,0,FALSE,0,FALSE,TRUE,2,FALSE,0,9.759523,15.428719,0,1,0,1
DisabilityAccessAPIs,??,normal,FALSE,0,FALSE,0,FALSE,TRUE,5,FALSE,0,12.899773,8.628471,0,0,1,1
DisabilityAccessAPIs,??,normal,FALSE,0,TRUE,2,FALSE,TRUE,5,FALSE,0,16.947406,22.958898,0,1,0,1
DisabilityAccessAPIs,??,normal,FALSE,0,FALSE,0,FALSE,TRUE,2,FALSE,0,16.115173,15.105166,0,0,1,1
DisabilityAccessAPIs,??,normal,FALSE,0,FALSE,0,FALSE,TRUE,5,TRUE,2,24.016896,26.141803,0,0,1,1
DisabilityAccessAPIs,??,critical,FALSE,0,FALSE,0,FALSE,TRUE,1,FALSE,0,17.433816,33.869302,0,0,1,1
DisabilityAccessAPIs,??,normal,FALSE,0,FALSE,0,FALSE,TRUE,4,FALSE,0,13.508883,11.764966,0,1,0,1
DisabilityAccessAPIs,??,normal,FALSE,0,FALSE,0,FALSE,TRUE,1,FALSE,0,19.317844,10.059177,0,0,1,1
DOM:ContentProcesses,??,critical,FALSE,0,FALSE,0,FALSE,TRUE,1,FALSE,0,35.285973,37.8984,0,0,1,1
DOM:ContentProcesses,P3,normal,FALSE,0,FALSE,0,FALSE,TRUE,4,FALSE,0,13.449283,9.753725,0,0,1,1
DOM:ContentProcesses,P3,normal,FALSE,0,TRUE,1,FALSE,TRUE,6,FALSE,0,19.824579,20.248431,0,1,0,1
DOM:ContentProcesses,P5,critical,FALSE,0,FALSE,0,FALSE,TRUE,7,FALSE,0,23.692751,41.250845,0,0,1,1
DOM:ContentProcesses,P3,normal,FALSE,0,TRUE,2,FALSE,TRUE,5,FALSE,0,30.604817,121.448714,0,1,0,1
DOM:ContentProcesses,P3,normal,FALSE,0,TRUE,4,FALSE,TRUE,10,TRUE,1,16.170922,18.67145,0,0,1,1
DOM:ContentProcesses,??,normal,FALSE,0,FALSE,0,FALSE,FALSE,0,FALSE,0,18.52165,15.066638,0,0,1,1
DOM:ContentProcesses,P3,critical,TRUE,1,TRUE,1,FALSE,TRUE,11,FALSE,0,37.355573,48.79357,0,0,1,1
DOM:ContentProcesses,P2,normal,FALSE,0,TRUE,1,FALSE,TRUE,8,TRUE,1,52.226727,16.098056,0,1,0,1
DOM:ContentProcesses,P2,critical,TRUE,1,TRUE,1,FALSE,TRUE,8,FALSE,0,37.452373,19.029761,0,0,1,1
Canvas:WebGL,P3,normal,FALSE,0,TRUE,1,FALSE,TRUE,3,FALSE,0,15.581468,24.586707,0,0,1,1
Canvas:WebGL,P5,normal,FALSE,0,FALSE,0,FALSE,FALSE,0,FALSE,0,55.00734,81.667718,0,1,0,1
Canvas:WebGL,P3,critical,FALSE,0,FALSE,0,FALSE,TRUE,1,FALSE,0,29.537173,49.345968,0,2,0,1
Canvas:WebGL,P5,critical,FALSE,0,TRUE,1,FALSE,TRUE,1,FALSE,0,36.472545,89.462649,0,0,1,1
Canvas:WebGL,P5,normal,FALSE,0,FALSE,0,FALSE,TRUE,3,FALSE,0,35.467037,40.838298,0,0,1,1
Canvas:WebGL,??,normal,FALSE,0,FALSE,0,FALSE,TRUE,5,TRUE,1,29.568305,51.344764,0,0,1,1
Canvas:WebGL,P5,normal,FALSE,0,FALSE,0,FALSE,TRUE,4,FALSE,0,58.800968,55.476455,0,0,1,1
Canvas:WebGL,P5,normal,FALSE,0,FALSE,0,FALSE,TRUE,5,FALSE,0,19.887516,64.400657,0,1,0,1
Canvas:WebGL,P3,normal,FALSE,0,FALSE,0,FALSE,TRUE,6,TRUE,1,17.827149,19.27097,1,0,0,1
Canvas:WebGL,P3,normal,FALSE,0,FALSE,0,FALSE,TRUE,11,TRUE,2,7.76095,15.540302,0,1,0,1
Graphics:Layers,P3,critical,FALSE,0,FALSE,0,FALSE,TRUE,3,FALSE,0,21.295173,31.893601,1,0,1,1
Graphics:Layers,P2,critical,FALSE,0,FALSE,0,FALSE,TRUE,2,FALSE,0,6.73932,23.217483,0,0,1,1
Graphics:Layers,P5,normal,FALSE,0,FALSE,0,FALSE,FALSE,0,FALSE,0,24.555327,90.49775,0,0,1,1
Graphics:Layers,P3,normal,FALSE,0,FALSE,0,FALSE,TRUE,1,FALSE,0,18.937468,47.219986,0,1,0,1
Graphics:Layers,??,critical,TRUE,2,FALSE,0,FALSE,TRUE,3,FALSE,0,39.100768,17.262896,0,0,1,1
Graphics:Layers,??,normal,FALSE,0,FALSE,0,FALSE,TRUE,1,FALSE,0,14.344883,27.865998,0,0,1,1
Graphics:Layers,??,critical,FALSE,0,FALSE,0,FALSE,FALSE,0,FALSE,0,25.40734,28.205822,0,1,0,1
Graphics:Layers,P3,critical,FALSE,0,FALSE,0,FALSE,TRUE,2,FALSE,0,28.557773,47.820423,0,0,1,1
Graphics:Layers,P3,normal,TRUE,1,TRUE,1,FALSE,TRUE,8,FALSE,0,12.611059,37.507537,0,1,0,1
Graphics:Layers,??,critical,FALSE,0,FALSE,0,FALSE,TRUE,4,FALSE,0,22.672773,49.481301,0,0,1,1
WebRTC:Audio/Video,P2,normal,FALSE,0,FALSE,0,FALSE,TRUE,6,FALSE,0,5.75032,24.437079,0,1,0,1
WebRTC:Audio/Video,P3,normal,FALSE,0,FALSE,0,FALSE,TRUE,1,FALSE,0,27.59874,15.273172,0,1,0,1
WebRTC:Audio/Video,P1,major,FALSE,0,TRUE,1,FALSE,TRUE,3,FALSE,0,18.104237,22.632295,1,0,0,1
WebRTC:Audio/Video,P2,critical,FALSE,0,FALSE,0,FALSE,TRUE,1,FALSE,0,37.236083,48.566478,0,0,1,1
WebRTC:Audio/Video,P2,critical,FALSE,0,FALSE,0,FALSE,TRUE,2,FALSE,0,9.97682,33.722954,0,0,2,1
WebRTC:Audio/Video,P3,normal,FALSE,0,TRUE,1,FALSE,TRUE,1,FALSE,0,17.128705,12.23142,0,0,1,1
WebRTC:Audio/Video,P2,major,TRUE,1,TRUE,1,FALSE,TRUE,20,FALSE,0,12.818301,10.204946,1,0,0,1
WebRTC:Audio/Video,??,normal,FALSE,0,FALSE,0,FALSE,TRUE,6,FALSE,0,25.835283,15.638031,0,0,1,1
WebRTC:Audio/Video,P2,normal,FALSE,0,TRUE,1,FALSE,TRUE,3,FALSE,0,16.187023,11.829424,0,0,1,1
WebRTC:Audio/Video,??,normal,FALSE,0,FALSE,0,FALSE,TRUE,5,FALSE,0,11.299937,17.843287,0,0,2,1
WebPainting,??,critical,FALSE,0,TRUE,3,FALSE,TRUE,6,TRUE,1,21.492773,31.798739,0,0,1,1
WebPainting,P3,critical,FALSE,0,FALSE,0,FALSE,TRUE,1,FALSE,0,32.445773,51.37707,0,0,1,1
WebPainting,P3,normal,FALSE,0,FALSE,0,FALSE,TRUE,1,TRUE,1,9.286773,10.070773,0,0,1,1
WebPainting,P2,critical,FALSE,0,TRUE,1,FALSE,TRUE,14,FALSE,0,35.683273,45.479836,0,0,1,1
WebPainting,P1,normal,FALSE,0,TRUE,1,FALSE,TRUE,10,TRUE,2,16.666773,133.635647,0,0,1,1
WebPainting,P3,normal,FALSE,0,FALSE,0,FALSE,TRUE,2,TRUE,1,4.39632,12.970294,0,1,0,1
WebPainting,??,normal,FALSE,0,FALSE,0,FALSE,FALSE,0,FALSE,0,18.558968,15.721772,0,0,1,1
WebPainting,??,normal,FALSE,0,FALSE,0,FALSE,TRUE,1,TRUE,1,18.440483,13.968369,0,1,0,1
WebPainting,P1,minor,FALSE,0,TRUE,1,FALSE,TRUE,4,TRUE,1,17.608668,19.997909,0,0,1,1
WebPainting,P3,normal,FALSE,0,FALSE,0,FALSE,TRUE,1,TRUE,1,7.507345,30.622723,0,0,1,1
DOM:UIEvents&FocusHandling,??,normal,FALSE,0,FALSE,0,FALSE,TRUE,1,FALSE,0,15.357054,13.813937,0,0,1,1
DOM:UIEvents&FocusHandling,P3,normal,FALSE,0,FALSE,0,FALSE,TRUE,3,FALSE,0,12.616108,11.08108,1,0,0,1
DOM:UIEvents&FocusHandling,??,normal,FALSE,0,FALSE,0,FALSE,TRUE,2,FALSE,0,5.23582,14.267587,0,0,1,1
DOM:UIEvents&FocusHandling,??,normal,FALSE,0,FALSE,0,FALSE,TRUE,2,FALSE,0,5.731487,23.090113,0,0,1,1
DOM:UIEvents&FocusHandling,??,normal,FALSE,0,FALSE,0,FALSE,TRUE,1,FALSE,0,11.516773,19.243141,0,0,1,1
DOM:UIEvents&FocusHandling,P3,normal,FALSE,0,FALSE,0,FALSE,TRUE,6,FALSE,0,15.567468,18.085777,0,1,0,1
DOM:UIEvents&FocusHandling,??,normal,FALSE,0,FALSE,0,FALSE,TRUE,3,FALSE,0,12.273916,12.215869,0,1,2,1
DOM:UIEvents&FocusHandling,??,normal,FALSE,0,FALSE,0,FALSE,TRUE,3,FALSE,0,8.768773,27.079062,0,0,1,1
DOM:UIEvents&FocusHandling,??,normal,FALSE,0,FALSE,0,FALSE,TRUE,2,FALSE,0,18.290233,15.442103,0,0,1,1
DOM:UIEvents&FocusHandling,P2,normal,FALSE,0,FALSE,0,FALSE,TRUE,10,FALSE,0,18.105753,10.858775,0,0,1,1
Widget:Win32,??,minor,FALSE,0,TRUE,1,FALSE,TRUE,6,TRUE,1,17.459282,14.860796,0,0,1,1
Widget:Win32,??,normal,FALSE,0,FALSE,0,FALSE,TRUE,1,TRUE,1,13.18156,17.367651,0,0,1,1
Widget:Win32,P3,normal,FALSE,0,TRUE,1,FALSE,TRUE,9,TRUE,1,20.59906,12.261973,0,1,0,1
Widget:Win32,??,critical,FALSE,0,FALSE,0,FALSE,TRUE,12,FALSE,0,17.725773,30.492727,0,0,1,1
Widget:Win32,P5,normal,FALSE,0,TRUE,1,FALSE,TRUE,8,FALSE,0,8.451573,19.887803,0,0,1,1
Widget:Win32,??,normal,FALSE,0,FALSE,0,FALSE,TRUE,3,TRUE,1,11.626551,11.609484,0,0,1,1
Widget:Win32,??,normal,FALSE,0,FALSE,0,FALSE,TRUE,1,FALSE,0,11.348023,15.981043,0,1,0,1
Widget:Win32,??,normal,FALSE,0,FALSE,0,FALSE,TRUE,1,FALSE,0,9.795864,21.159229,0,1,0,1
Widget:Win32,P2,normal,FALSE,0,FALSE,0,FALSE,TRUE,2,FALSE,0,9.849607,14.385083,0,0,1,1
Widget:Win32,??,normal,FALSE,0,FALSE,0,FALSE,TRUE,1,TRUE,1,12.042983,19.974132,0,1,0,1
Storage:localStorage&sessionStorage,P3,critical,FALSE,0,TRUE,1,FALSE,TRUE,7,FALSE,0,34.663468,49.892114,0,0,1,1
Storage:localStorage&sessionStorage,P5,normal,FALSE,0,TRUE,1,FALSE,TRUE,3,FALSE,0,43.372313,781.487559,0,1,0,1
Storage:localStorage&sessionStorage,??,critical,FALSE,0,FALSE,0,FALSE,TRUE,1,FALSE,0,50.99106,507.778848,0,0,1,1
Storage:localStorage&sessionStorage,P3,critical,FALSE,0,TRUE,1,TRUE,TRUE,1,FALSE,0,29.033477,51.598135,0,0,1,1
Storage:localStorage&sessionStorage,P3,critical,FALSE,0,TRUE,1,TRUE,TRUE,1,FALSE,0,29.261059,46.577279,0,1,0,1
Storage:localStorage&sessionStorage,P2,critical,FALSE,0,TRUE,1,FALSE,TRUE,2,FALSE,0,30.655468,43.526179,0,0,1,1
Storage:localStorage&sessionStorage,P3,critical,FALSE,0,TRUE,1,FALSE,TRUE,4,FALSE,0,43.036838,541.307952,0,0,2,1
Storage:localStorage&sessionStorage,P3,critical,FALSE,0,TRUE,1,TRUE,TRUE,1,FALSE,0,37.726968,48.772873,0,0,1,1
Storage:localStorage&sessionStorage,P2,critical,FALSE,0,FALSE,0,FALSE,TRUE,2,FALSE,0,34.549149,39.128038,0,0,1,1
Storage:localStorage&sessionStorage,P2,critical,FALSE,0,TRUE,2,TRUE,TRUE,1,FALSE,0,23.955054,48.894345,1,2,0,1
DOM:Events,??,normal,FALSE,0,FALSE,0,FALSE,TRUE,6,FALSE,0,11.128996,15.986324,0,0,1,1
DOM:Events,P5,normal,FALSE,0,FALSE,0,FALSE,TRUE,2,FALSE,0,30.433966,101.203027,0,0,1,1
DOM:Events,P3,normal,FALSE,0,FALSE,0,FALSE,TRUE,3,TRUE,2,4.33582,13.249304,0,1,1,1
DOM:Events,P3,normal,FALSE,0,FALSE,0,FALSE,TRUE,5,TRUE,1,15.749483,26.961145,0,1,0,1
DOM:Events,??,normal,FALSE,0,FALSE,0,FALSE,TRUE,2,FALSE,0,16.380468,22.910682,0,0,1,1
DOM:Events,P2,normal,FALSE,0,TRUE,1,FALSE,TRUE,13,FALSE,0,16.845483,18.41655,0,0,1,1
DOM:Events,P2,normal,TRUE,1,TRUE,1,FALSE,TRUE,5,FALSE,0,6.89032,11.529798,0,0,1,1
DOM:Events,??,normal,FALSE,0,FALSE,0,FALSE,TRUE,3,FALSE,0,12.785149,10.375297,0,0,1,1
DOM:Events,P2,normal,TRUE,1,FALSE,0,FALSE,TRUE,8,FALSE,0,12.965816,38.845087,0,1,0,1
DOM:Events,P2,normal,FALSE,0,FALSE,0,FALSE,TRUE,2,TRUE,1,4.911376,16.491437,0,0,1,1
Layout:TextandFonts,??,normal,FALSE,0,FALSE,0,FALSE,TRUE,4,TRUE,4,24.304393,20.178571,0,0,1,1
Layout:TextandFonts,??,normal,FALSE,0,FALSE,0,FALSE,TRUE,3,FALSE,0,21.637134,25.751411,0,0,1,1
Layout:TextandFonts,??,normal,FALSE,0,FALSE,0,FALSE,TRUE,5,FALSE,0,10.588046,47.662183,0,1,0,1
Layout:TextandFonts,??,normal,TRUE,1,TRUE,1,FALSE,TRUE,1,TRUE,1,5.68362,36.61225,0,0,3,1
Layout:TextandFonts,??,normal,FALSE,0,FALSE,0,FALSE,TRUE,3,TRUE,6,9.176004,14.46577,0,1,0,1
Layout:TextandFonts,??,normal,FALSE,0,FALSE,0,FALSE,TRUE,2,TRUE,3,8.050023,17.903231,0,1,0,1
Layout:TextandFonts,P3,normal,FALSE,0,TRUE,3,TRUE,TRUE,6,FALSE,0,18.096579,15.927071,0,0,1,1
Layout:TextandFonts,??,normal,TRUE,1,TRUE,1,FALSE,TRUE,1,TRUE,1,16.63785,35.674816,0,0,1,1
Layout:TextandFonts,??,normal,FALSE,0,FALSE,0,FALSE,TRUE,2,FALSE,0,13.220107,13.129841,1,0,0,1
Layout:TextandFonts,??,normal,FALSE,0,FALSE,0,FALSE,TRUE,3,FALSE,0,6.159249,30.861081,0,0,1,1
DOM:Security,??,critical,FALSE,0,TRUE,1,FALSE,TRUE,6,TRUE,1,48.374127,1061.89413,0,1,0,1
DOM:Security,P5,normal,FALSE,0,FALSE,0,FALSE,FALSE,0,FALSE,0,34.243202,130.647467,1,0,0,1
DOM:Security,??,normal,FALSE,0,FALSE,0,FALSE,TRUE,1,FALSE,0,4.205376,21.24987,0,1,0,1
DOM:Security,??,normal,FALSE,0,FALSE,0,FALSE,TRUE,6,FALSE,0,5.333638,14.639467,0,0,1,1
DOM:Security,??,normal,FALSE,0,FALSE,0,FALSE,TRUE,6,FALSE,0,17.104668,19.995456,0,0,1,1
DOM:Security,P5,normal,FALSE,0,FALSE,0,FALSE,TRUE,2,TRUE,1,25.692626,46.872408,0,0,1,1
DOM:Security,P5,normal,FALSE,0,FALSE,0,FALSE,TRUE,4,FALSE,0,22.977749,42.667546,0,0,1,1
DOM:Security,??,normal,FALSE,0,FALSE,0,FALSE,TRUE,1,TRUE,1,12.343059,21.068885,0,0,2,1
DOM:Security,P2,normal,FALSE,0,TRUE,1,FALSE,TRUE,13,FALSE,0,30.973561,29.876567,0,0,1,1
DOM:Security,P3,normal,TRUE,1,TRUE,1,FALSE,TRUE,5,FALSE,0,10.155916,10.458742,0,1,0,1
SVG,P3,normal,FALSE,0,FALSE,0,FALSE,TRUE,2,TRUE,1,12.500062,11.394057,0,1,0,1
SVG,P3,normal,FALSE,0,TRUE,1,FALSE,TRUE,2,TRUE,1,66.680394,230.970056,0,0,1,1
SVG,??,normal,FALSE,0,FALSE,0,FALSE,TRUE,3,TRUE,1,20.975977,15.930427,0,0,1,1
SVG,??,critical,FALSE,0,TRUE,2,FALSE,TRUE,4,FALSE,0,35.683273,42.544577,0,0,1,1
SVG,P3,normal,FALSE,0,FALSE,0,FALSE,TRUE,3,TRUE,1,17.070852,16.488463,0,0,1,1
SVG,P3,critical,FALSE,0,TRUE,1,FALSE,TRUE,3,TRUE,1,32.293393,48.088876,0,0,1,1
SVG,P3,normal,FALSE,0,FALSE,0,FALSE,TRUE,5,TRUE,1,6.550107,12.739164,0,1,0,1
SVG,??,normal,FALSE,0,FALSE,0,FALSE,FALSE,0,TRUE,1,11.282883,13.249681,0,0,1,1
SVG,P3,normal,FALSE,0,FALSE,0,FALSE,TRUE,2,TRUE,2,15.457634,13.212173,0,1,0,1
SVG,P3,normal,FALSE,0,FALSE,0,FALSE,TRUE,3,FALSE,0,14.402233,39.835513,0,0,1,1
Graphics:WebRender,P2,normal,TRUE,16,TRUE,16,FALSE,TRUE,7,TRUE,10,16.727273,14.605283,0,1,0,2
Graphics:WebRender,??,normal,FALSE,0,FALSE,0,FALSE,TRUE,3,TRUE,1,36.705621,69.039445,0,0,1,2
Graphics:WebRender,??,normal,FALSE,0,TRUE,7,TRUE,TRUE,2,TRUE,3,13.338983,12.168433,0,0,1,2
Graphics:WebRender,P1,normal,TRUE,1,TRUE,1,FALSE,TRUE,3,TRUE,1,9.340273,13.587073,0,0,1,2
Graphics:WebRender,P3,normal,TRUE,1,TRUE,3,FALSE,TRUE,2,TRUE,1,28.021983,29.374402,0,1,1,2
Graphics:WebRender,??,normal,FALSE,0,TRUE,1,FALSE,TRUE,8,FALSE,0,26.912894,28.298372,0,0,1,2
Graphics:WebRender,P1,normal,FALSE,0,TRUE,2,FALSE,TRUE,5,TRUE,3,19.177173,21.560142,1,1,0,2
Graphics:WebRender,??,normal,TRUE,1,TRUE,1,FALSE,TRUE,1,TRUE,1,2.156677,32.567228,0,1,0,2
Graphics:WebRender,P3,normal,FALSE,0,TRUE,3,FALSE,TRUE,6,TRUE,3,10.396107,36.77534,0,0,1,2
Graphics:WebRender,P3,normal,FALSE,0,TRUE,1,FALSE,TRUE,3,TRUE,3,14.739662,12.633825,0,0,1,2
Audio/Video:Playback,P3,normal,FALSE,0,TRUE,1,FALSE,TRUE,3,TRUE,3,26.563456,164.931763,0,0,1,2
Audio/Video:Playback,P2,normal,FALSE,0,TRUE,1,TRUE,TRUE,1,TRUE,1,4.065677,9.581173,0,1,0,2
Audio/Video:Playback,??,normal,FALSE,0,FALSE,0,FALSE,TRUE,2,TRUE,2,18.463631,48.94401,0,0,1,2
Audio/Video:Playback,P2,normal,FALSE,0,FALSE,0,FALSE,TRUE,7,FALSE,0,8.750273,23.620216,0,1,0,2
Audio/Video:Playback,P5,normal,TRUE,1,FALSE,0,FALSE,TRUE,3,TRUE,1,31.522061,1535.19243,0,1,0,2
Audio/Video:Playback,P3,normal,FALSE,0,TRUE,1,FALSE,TRUE,4,TRUE,2,27.862483,20.53174,0,0,1,2
Audio/Video:Playback,P3,normal,TRUE,1,FALSE,0,FALSE,TRUE,5,FALSE,0,13.194216,11.973046,0,1,0,2
Audio/Video:Playback,P2,normal,TRUE,1,TRUE,1,FALSE,TRUE,12,TRUE,1,10.557573,19.182494,0,0,2,2
Audio/Video:Playback,P2,normal,TRUE,1,FALSE,0,FALSE,TRUE,6,FALSE,0,3.210264,8.811754,0,1,0,2
Audio/Video:Playback,P2,normal,TRUE,1,TRUE,1,FALSE,TRUE,4,TRUE,6,12.022483,14.447329,0,0,1,2
Widget:Gtk,P3,normal,FALSE,0,TRUE,1,TRUE,TRUE,3,TRUE,2,24.624546,87.824391,0,0,1,2
Widget:Gtk,P2,normal,TRUE,2,TRUE,2,TRUE,TRUE,9,TRUE,2,11.366202,11.072218,0,0,1,2
Widget:Gtk,P3,normal,FALSE,0,TRUE,1,FALSE,TRUE,7,TRUE,1,13.676483,19.917001,0,1,0,2
Widget:Gtk,P2,normal,FALSE,0,TRUE,1,TRUE,TRUE,1,TRUE,1,10.121345,16.573384,0,0,2,2
Widget:Gtk,P2,normal,FALSE,0,TRUE,1,TRUE,TRUE,3,TRUE,1,13.231523,12.308488,0,0,1,2
Widget:Gtk,??,normal,FALSE,0,FALSE,0,FALSE,TRUE,3,TRUE,2,21.74746,23.179205,0,0,1,2
Widget:Gtk,P3,critical,TRUE,1,TRUE,17,FALSE,TRUE,7,FALSE,0,25.096546,34.92076,0,0,1,2
Widget:Gtk,??,normal,FALSE,0,TRUE,1,TRUE,FALSE,0,TRUE,1,6.50662,25.045352,0,0,1,2
Widget:Gtk,??,normal,FALSE,0,TRUE,1,FALSE,TRUE,2,TRUE,1,16.67665,10.836644,0,0,1,2
Widget:Gtk,??,normal,FALSE,0,TRUE,1,FALSE,TRUE,10,TRUE,1,17.312846,20.706684,0,1,0,2
Graphics,??,normal,FALSE,0,TRUE,1,FALSE,TRUE,4,FALSE,0,14.100927,65.820627,0,1,0,2
Graphics,??,normal,FALSE,0,FALSE,0,TRUE,TRUE,3,TRUE,3,25.898202,12.810927,0,0,1,2
Graphics,P3,normal,TRUE,1,TRUE,1,FALSE,TRUE,6,TRUE,7,15.287233,13.193411,0,1,0,2
Graphics,??,critical,FALSE,0,TRUE,2,FALSE,TRUE,14,TRUE,3,22.202034,35.45244,0,0,1,2
Graphics,P3,critical,FALSE,0,TRUE,1,FALSE,TRUE,15,TRUE,3,24.096228,25.769265,0,1,0,2
Graphics,P2,critical,FALSE,0,TRUE,1,FALSE,TRUE,11,TRUE,4,35.567816,23.050421,0,0,1,2
Graphics,P3,normal,FALSE,0,FALSE,0,FALSE,TRUE,4,TRUE,1,22.142373,27.502753,0,1,1,2
Graphics,P1,normal,FALSE,0,FALSE,0,TRUE,TRUE,7,TRUE,3,18.674968,12.924115,0,0,1,2
Graphics,P3,normal,FALSE,0,TRUE,1,FALSE,TRUE,4,TRUE,1,4.60057,35.044691,0,1,0,2
Graphics,P3,normal,TRUE,2,TRUE,1,FALSE,TRUE,6,TRUE,2,44.660894,156.037883,0,1,1,2
DOM:Core&HTML,P2,normal,FALSE,0,FALSE,0,FALSE,TRUE,5,TRUE,2,30.636422,275.262257,0,0,1,2
DOM:Core&HTML,P3,normal,TRUE,1,FALSE,0,FALSE,TRUE,13,TRUE,2,25.495182,22.626149,0,0,1,2
DOM:Core&HTML,P3,normal,FALSE,0,TRUE,1,TRUE,TRUE,5,TRUE,1,18.315773,16.076752,0,1,0,2
DOM:Core&HTML,P2,critical,FALSE,0,TRUE,1,FALSE,TRUE,12,TRUE,1,23.697733,53.037554,0,1,0,2
DOM:Core&HTML,P2,normal,FALSE,0,TRUE,1,TRUE,TRUE,2,TRUE,7,13.826911,-0.77418,0,0,1,2
DOM:Core&HTML,P3,normal,FALSE,0,FALSE,0,FALSE,TRUE,8,TRUE,1,25.815468,19.865144,0,0,1,2
DOM:Core&HTML,??,normal,TRUE,1,FALSE,0,FALSE,TRUE,2,FALSE,0,15.729316,166.978451,0,0,1,2
DOM:Core&HTML,??,normal,FALSE,0,FALSE,0,TRUE,FALSE,0,TRUE,1,14.123916,5.04822,0,0,1,2
DOM:Core&HTML,P4,normal,FALSE,0,FALSE,0,TRUE,FALSE,0,FALSE,0,19.204468,24.23214,0,1,0,2
DOM:Core&HTML,P2,normal,FALSE,0,TRUE,1,TRUE,TRUE,2,TRUE,1,18.029468,14.507149,0,1,0,2
JavaScriptEngine,??,normal,FALSE,0,FALSE,0,FALSE,TRUE,2,TRUE,1,29.086628,104.574016,0,0,1,2
JavaScriptEngine,??,normal,TRUE,2,FALSE,0,FALSE,TRUE,4,TRUE,2,14.892773,21.691008,0,1,0,2
JavaScriptEngine,P1,normal,FALSE,0,FALSE,0,FALSE,TRUE,4,TRUE,1,22.583727,16.238468,0,0,1,2
JavaScriptEngine,P1,normal,FALSE,0,TRUE,2,TRUE,TRUE,6,TRUE,3,11.857235,16.610349,0,0,1,2
JavaScriptEngine,P2,critical,FALSE,0,TRUE,1,FALSE,TRUE,6,TRUE,2,28.509977,44.716743,0,0,1,2
JavaScriptEngine,??,critical,FALSE,0,TRUE,1,FALSE,TRUE,6,TRUE,1,16.113483,258.62945,1,0,0,2
JavaScriptEngine,P1,normal,FALSE,0,FALSE,0,TRUE,TRUE,3,TRUE,1,22.203773,12.365581,0,0,1,2
JavaScriptEngine,P3,normal,TRUE,1,TRUE,1,FALSE,TRUE,2,TRUE,2,4.938264,39.794084,0,0,1,2
JavaScriptEngine,??,normal,FALSE,0,TRUE,1,FALSE,TRUE,1,TRUE,1,32.051094,46.973744,0,0,1,2
JavaScriptEngine,P1,critical,FALSE,0,TRUE,1,FALSE,TRUE,7,TRUE,1,28.265894,52.357221,0,0,2,2
Layout,P2,normal,FALSE,0,TRUE,2,FALSE,TRUE,2,TRUE,2,9.516202,96.431692,0,1,0,2
Layout,??,normal,FALSE,0,TRUE,2,FALSE,TRUE,4,TRUE,6,21.055468,136.524979,0,0,1,2
Layout,P3,normal,FALSE,0,TRUE,3,TRUE,TRUE,2,TRUE,3,15.379683,30.057051,0,1,0,2
Layout,P1,normal,TRUE,2,FALSE,0,FALSE,TRUE,11,TRUE,2,4.420106,7.704032,0,0,1,2
Layout,P3,normal,FALSE,0,TRUE,1,FALSE,TRUE,4,TRUE,4,12.582054,15.509238,0,0,1,2
Layout,??,normal,FALSE,0,FALSE,0,TRUE,FALSE,0,TRUE,1,18.524733,7.71144,0,0,1,2
Layout,P2,normal,FALSE,0,TRUE,1,TRUE,TRUE,1,TRUE,1,13.300773,19.621574,0,1,0,2
Layout,P3,normal,TRUE,1,FALSE,0,FALSE,TRUE,4,FALSE,0,17.870893,14.834486,0,0,1,2
Layout,P5,normal,FALSE,0,FALSE,0,FALSE,TRUE,3,TRUE,1,33.619217,103.447705,0,0,1,2
Layout,P3,normal,TRUE,1,TRUE,1,FALSE,TRUE,4,TRUE,1,25.460083,108.794725,0,0,1,2
Networking,??,normal,FALSE,0,TRUE,1,FALSE,TRUE,4,TRUE,2,29.003626,39.557577,0,0,1,2
Networking,P1,critical,FALSE,0,TRUE,2,FALSE,TRUE,10,TRUE,3,39.097816,22.15486,0,0,1,2
Networking,P5,normal,FALSE,0,TRUE,1,FALSE,TRUE,7,TRUE,1,12.966773,22.561562,0,0,1,2
Networking,P1,normal,FALSE,0,TRUE,5,TRUE,TRUE,9,TRUE,3,22.212718,21.064746,0,0,1,2
Networking,P2,normal,FALSE,0,TRUE,1,FALSE,TRUE,2,TRUE,1,23.382727,58.952767,0,0,1,2
Networking,P2,normal,FALSE,0,FALSE,0,FALSE,TRUE,2,FALSE,0,20.535483,48.151054,0,0,1,2
Networking,P3,normal,FALSE,0,FALSE,0,FALSE,TRUE,5,TRUE,1,35.911803,75.748727,0,1,0,2
Networking,P2,critical,FALSE,0,TRUE,2,FALSE,TRUE,6,TRUE,3,37.271773,44.438203,0,0,1,2
Networking,P3,normal,FALSE,0,TRUE,1,FALSE,TRUE,4,TRUE,1,33.634718,25.07169,0,0,1,2
Networking,P2,normal,FALSE,0,TRUE,1,FALSE,TRUE,3,TRUE,2,18.054496,40.42684,0,0,1,2
CSSParsingandComputation,??,normal,FALSE,0,FALSE,0,FALSE,TRUE,2,TRUE,3,6.091974,12.750389,0,0,1,2
CSSParsingandComputation,P2,normal,TRUE,1,FALSE,0,TRUE,TRUE,9,TRUE,1,16.995911,8.927329,0,0,1,2
CSSParsingandComputation,P2,normal,FALSE,0,FALSE,0,FALSE,TRUE,7,TRUE,6,12.925483,18.219667,0,0,1,2
CSSParsingandComputation,P4,normal,FALSE,0,FALSE,0,TRUE,FALSE,0,FALSE,0,6.771534,23.952631,0,0,1,2
CSSParsingandComputation,P4,normal,FALSE,0,FALSE,0,TRUE,FALSE,0,FALSE,0,10.092955,23.363283,0,1,1,2
CSSParsingandComputation,P4,normal,FALSE,0,FALSE,0,TRUE,FALSE,0,FALSE,0,12.818483,33.322994,0,0,1,2
CSSParsingandComputation,??,normal,FALSE,0,FALSE,0,TRUE,FALSE,0,TRUE,1,11.029059,-0.77418,0,1,0,2
CSSParsingandComputation,P3,normal,TRUE,1,FALSE,0,TRUE,TRUE,1,TRUE,1,5.28422,-0.77418,0,0,2,2
CSSParsingandComputation,??,normal,FALSE,0,TRUE,1,FALSE,TRUE,2,TRUE,1,25.426349,23.915055,0,1,0,2
CSSParsingandComputation,P2,normal,TRUE,1,FALSE,0,FALSE,TRUE,3,TRUE,2,4.928653,6.915155,1,0,0,2
Security:PSM,P1,normal,FALSE,0,FALSE,0,TRUE,TRUE,17,FALSE,0,10.046273,16.09749,0,1,0,2
Security:PSM,P1,normal,FALSE,0,FALSE,0,FALSE,FALSE,0,TRUE,1,29.32786,34.496125,0,0,1,2
Security:PSM,P1,normal,FALSE,0,FALSE,0,TRUE,TRUE,2,TRUE,1,15.037197,15.14903,0,0,1,2
Security:PSM,??,normal,FALSE,0,FALSE,0,TRUE,FALSE,0,TRUE,1,13.047372,25.727545,0,1,0,2
Security:PSM,P1,normal,TRUE,2,TRUE,1,TRUE,TRUE,14,TRUE,1,14.506197,11.869297,0,1,0,2
Security:PSM,??,normal,FALSE,0,FALSE,0,TRUE,FALSE,0,TRUE,3,16.641233,-0.77418,0,1,0,2
Security:PSM,P1,normal,FALSE,0,TRUE,1,FALSE,TRUE,3,TRUE,1,16.156149,13.736655,0,0,1,2
Security:PSM,P1,normal,FALSE,0,TRUE,2,FALSE,TRUE,2,TRUE,1,14.439108,53.554068,0,0,1,2
Security:PSM,??,normal,FALSE,0,TRUE,2,FALSE,TRUE,7,TRUE,1,4.938264,12.627828,0,2,2,2
Security:PSM,P5,normal,TRUE,1,FALSE,0,FALSE,TRUE,3,TRUE,1,39.059112,135.397646,1,0,0,2
General,??,normal,FALSE,0,FALSE,0,FALSE,TRUE,6,TRUE,1,12.427816,51.720201,0,1,0,2
General,P3,normal,TRUE,2,TRUE,2,TRUE,TRUE,5,TRUE,3,23.104894,19.265127,0,0,1,2
General,??,normal,FALSE,0,FALSE,0,TRUE,TRUE,3,TRUE,1,14.197149,18.079396,0,0,1,2
General,??,critical,FALSE,0,FALSE,0,FALSE,TRUE,2,FALSE,0,10.963816,23.524547,1,0,0,2
General,??,normal,FALSE,0,FALSE,0,TRUE,TRUE,4,TRUE,1,12.647755,16.504083,0,1,0,2
General,??,major,TRUE,1,TRUE,1,FALSE,TRUE,10,TRUE,2,15.874012,84.157202,0,0,3,2
General,??,normal,FALSE,0,TRUE,3,FALSE,TRUE,6,TRUE,1,20.549327,24.380995,0,0,1,2
General,??,normal,FALSE,0,TRUE,1,TRUE,FALSE,0,TRUE,1,15.453392,-0.77418,0,0,1,2
General,??,critical,FALSE,0,TRUE,1,FALSE,TRUE,15,FALSE,0,21.915107,31.547148,0,0,1,2
General,??,normal,FALSE,0,FALSE,0,TRUE,TRUE,3,TRUE,1,19.535816,14.992358,1,0,0,2
Widget:Cocoa,P3,critical,FALSE,0,FALSE,0,FALSE,TRUE,5,TRUE,2,30.144768,33.100303,0,0,1,2
Widget:Cocoa,P3,normal,FALSE,0,FALSE,0,FALSE,TRUE,3,FALSE,0,16.395468,24.06212,0,0,1,2
Widget:Cocoa,P1,normal,FALSE,0,TRUE,1,TRUE,TRUE,9,TRUE,3,27.254357,20.91055,0,0,1,2
Widget:Cocoa,??,normal,FALSE,0,FALSE,0,TRUE,TRUE,1,TRUE,1,11.876773,17.076177,0,0,1,2
Widget:Cocoa,??,critical,FALSE,0,FALSE,0,FALSE,TRUE,1,TRUE,1,17.638773,25.849286,1,0,0,2
Widget:Cocoa,P1,normal,FALSE,0,TRUE,1,FALSE,TRUE,9,TRUE,1,10.509173,24.192137,0,1,0,2
Widget:Cocoa,??,normal,FALSE,0,TRUE,1,TRUE,FALSE,0,TRUE,1,13.203392,11.950626,0,1,0,2
Widget:Cocoa,P3,normal,TRUE,3,TRUE,1,FALSE,TRUE,55,FALSE,0,11.94234,16.474661,0,0,1,2
Widget:Cocoa,P5,normal,FALSE,0,FALSE,0,FALSE,TRUE,3,TRUE,1,19.972964,47.348529,0,1,0,2
Widget:Cocoa,??,critical,FALSE,0,TRUE,1,FALSE,TRUE,7,FALSE,0,18.105753,12.256186,1,0,0,2
DisabilityAccessAPIs,??,critical,FALSE,0,FALSE,0,FALSE,TRUE,9,TRUE,1,44.457773,42.642198,0,0,1,2
DisabilityAccessAPIs,P1,normal,TRUE,1,TRUE,2,TRUE,TRUE,7,TRUE,1,15.230468,19.026394,0,1,0,2
DisabilityAccessAPIs,P2,normal,FALSE,0,TRUE,3,FALSE,TRUE,4,TRUE,1,18.856357,11.140807,0,0,1,2
DisabilityAccessAPIs,P2,normal,FALSE,0,FALSE,0,FALSE,TRUE,1,TRUE,1,8.650004,14.970661,0,0,2,2
DisabilityAccessAPIs,P3,normal,FALSE,0,TRUE,2,TRUE,TRUE,2,TRUE,1,23.93096,21.311109,0,0,1,2
DisabilityAccessAPIs,??,normal,FALSE,0,FALSE,0,TRUE,TRUE,2,TRUE,3,33.745494,21.862923,0,0,1,2
DisabilityAccessAPIs,P2,normal,FALSE,0,TRUE,1,FALSE,TRUE,3,TRUE,1,14.983816,19.104096,0,0,2,2
DisabilityAccessAPIs,??,normal,FALSE,0,TRUE,1,TRUE,TRUE,3,TRUE,2,12.944083,12.053583,0,0,1,2
DisabilityAccessAPIs,??,normal,TRUE,1,TRUE,1,TRUE,TRUE,2,TRUE,3,18.056468,16.818409,0,0,1,2
DisabilityAccessAPIs,??,normal,TRUE,1,FALSE,0,FALSE,TRUE,3,TRUE,1,22.613327,8.869184,0,0,1,2
DOM:ContentProcesses,P2,normal,FALSE,0,TRUE,1,FALSE,TRUE,4,TRUE,1,17.24544,19.894231,0,0,1,2
DOM:ContentProcesses,??,normal,TRUE,1,FALSE,0,TRUE,FALSE,0,TRUE,4,17.180753,18.084549,0,0,1,2
DOM:ContentProcesses,P1,normal,FALSE,0,TRUE,1,TRUE,TRUE,3,TRUE,1,26.02426,11.992283,0,2,0,2
DOM:ContentProcesses,P2,normal,TRUE,1,TRUE,2,TRUE,TRUE,2,TRUE,1,16.905983,13.902216,0,1,0,2
DOM:ContentProcesses,P2,critical,FALSE,0,TRUE,1,FALSE,TRUE,4,TRUE,1,24.732373,40.745128,0,1,0,2
DOM:ContentProcesses,??,critical,FALSE,0,FALSE,0,FALSE,TRUE,2,FALSE,0,19.902496,50.514204,0,0,1,2
DOM:ContentProcesses,P2,normal,FALSE,0,FALSE,0,FALSE,TRUE,8,TRUE,1,10.086607,11.716907,0,0,1,2
DOM:ContentProcesses,P3,normal,FALSE,0,FALSE,0,FALSE,TRUE,2,TRUE,1,20.963911,19.909954,0,1,0,2
DOM:ContentProcesses,P5,normal,FALSE,0,TRUE,1,FALSE,TRUE,6,TRUE,1,22.026983,40.575676,0,1,0,2
DOM:ContentProcesses,P3,normal,TRUE,1,FALSE,0,TRUE,TRUE,3,TRUE,6,58.875273,17.026627,0,0,1,2
Canvas:WebGL,P3,normal,FALSE,0,TRUE,1,TRUE,FALSE,0,TRUE,1,37.271773,36.149638,0,0,1,2
Canvas:WebGL,P5,normal,FALSE,0,FALSE,0,FALSE,TRUE,1,FALSE,0,22.223436,69.596087,0,0,1,2
Canvas:WebGL,??,normal,FALSE,0,FALSE,0,FALSE,TRUE,1,FALSE,0,12.142273,25.800102,0,1,0,2
Canvas:WebGL,P3,normal,FALSE,0,TRUE,1,FALSE,TRUE,6,TRUE,2,17.263911,16.718094,0,1,0,2
Canvas:WebGL,??,normal,FALSE,0,FALSE,0,FALSE,TRUE,2,FALSE,0,14.639734,17.437907,0,0,1,2
Canvas:WebGL,P1,normal,TRUE,2,FALSE,0,FALSE,TRUE,14,TRUE,1,9.668773,16.195834,0,0,1,2
Canvas:WebGL,P3,normal,FALSE,0,FALSE,0,FALSE,TRUE,2,TRUE,1,11.907773,18.80195,0,0,1,2
Canvas:WebGL,P1,critical,TRUE,1,FALSE,0,FALSE,TRUE,10,TRUE,1,24.732373,28.784823,0,0,1,2
Canvas:WebGL,P3,normal,FALSE,0,TRUE,1,FALSE,TRUE,4,TRUE,2,59.639727,143.902494,0,0,1,2
Canvas:WebGL,P2,normal,FALSE,0,TRUE,1,TRUE,TRUE,1,TRUE,1,4.86062,17.66701,0,1,0,2
Graphics:Layers,P2,normal,FALSE,0,FALSE,0,FALSE,TRUE,6,TRUE,2,8.539345,41.345815,1,0,0,2
Graphics:Layers,P3,normal,FALSE,0,TRUE,1,TRUE,TRUE,3,TRUE,1,21.266483,16.580861,0,0,1,2
Graphics:Layers,??,critical,FALSE,0,TRUE,2,FALSE,TRUE,20,TRUE,2,26.274268,106.422971,0,0,1,2
Graphics:Layers,??,normal,FALSE,0,TRUE,2,TRUE,TRUE,1,TRUE,1,21.330107,34.667227,0,0,2,2
Graphics:Layers,P2,normal,TRUE,1,TRUE,2,FALSE,TRUE,20,TRUE,1,74.609496,601.126077,0,0,1,2
Graphics:Layers,??,normal,FALSE,0,TRUE,1,TRUE,TRUE,4,TRUE,2,12.314365,18.602067,0,0,1,2
Graphics:Layers,P3,normal,FALSE,0,TRUE,1,FALSE,TRUE,8,TRUE,1,16.202683,27.99905,0,1,0,2
Graphics:Layers,??,normal,FALSE,0,TRUE,2,FALSE,TRUE,8,FALSE,0,22.541881,20.64216,0,0,1,2
Graphics:Layers,P1,normal,TRUE,2,TRUE,3,TRUE,TRUE,4,TRUE,1,5.163093,6.14782,0,1,1,2
Graphics:Layers,P1,normal,FALSE,0,FALSE,0,TRUE,TRUE,4,TRUE,1,10.792607,19.494166,0,0,1,2
WebRTC:Audio/Video,P3,normal,FALSE,0,FALSE,0,TRUE,TRUE,1,TRUE,2,32.000773,21.602945,0,1,2,2
WebRTC:Audio/Video,P2,normal,TRUE,4,TRUE,3,FALSE,TRUE,14,TRUE,3,3.06942,19.545589,0,0,1,2
WebRTC:Audio/Video,P2,critical,TRUE,1,TRUE,1,FALSE,TRUE,2,FALSE,0,38.299573,34.676027,1,0,0,2
WebRTC:Audio/Video,P1,normal,FALSE,0,FALSE,0,FALSE,TRUE,10,FALSE,0,15.48044,80.944944,0,0,1,2
WebRTC:Audio/Video,P2,critical,FALSE,0,FALSE,0,FALSE,TRUE,4,TRUE,1,44.096773,31.557253,0,1,0,2
WebRTC:Audio/Video,P2,critical,FALSE,0,TRUE,2,FALSE,TRUE,2,TRUE,4,72.297468,77.259705,0,0,1,2
WebRTC:Audio/Video,P5,normal,FALSE,0,FALSE,0,FALSE,TRUE,5,TRUE,1,27.16506,75.132218,0,0,1,2
WebRTC:Audio/Video,P1,normal,FALSE,0,TRUE,1,FALSE,TRUE,7,TRUE,1,32.388468,11.173292,0,1,0,2
WebRTC:Audio/Video,P3,normal,FALSE,0,FALSE,0,TRUE,FALSE,0,TRUE,2,25.759559,15.848769,0,0,1,2
WebRTC:Audio/Video,P2,critical,FALSE,0,FALSE,0,FALSE,TRUE,9,TRUE,5,11.685028,26.023741,0,1,0,2
WebPainting,P1,normal,FALSE,0,TRUE,1,FALSE,TRUE,5,TRUE,3,17.421068,16.534778,0,1,0,2
WebPainting,P1,normal,FALSE,0,TRUE,4,FALSE,TRUE,4,TRUE,2,27.043973,77.056832,1,0,0,2
WebPainting,P2,normal,FALSE,0,TRUE,2,FALSE,TRUE,2,TRUE,3,43.78506,127.63363,0,0,1,2
WebPainting,P1,normal,FALSE,0,FALSE,0,FALSE,TRUE,10,TRUE,6,41.895683,14.041672,0,0,1,2
WebPainting,??,normal,FALSE,0,TRUE,1,FALSE,TRUE,1,FALSE,0,59.919746,263.953829,0,0,1,2
WebPainting,??,normal,FALSE,0,FALSE,0,FALSE,TRUE,12,FALSE,0,15.145911,16.440096,0,0,1,2
WebPainting,??,normal,FALSE,0,TRUE,4,FALSE,TRUE,5,TRUE,3,30.893727,158.913695,0,0,1,2
WebPainting,??,normal,TRUE,1,TRUE,2,FALSE,TRUE,2,TRUE,1,30.893727,161.128073,0,0,1,2
WebPainting,??,normal,FALSE,0,TRUE,1,FALSE,TRUE,7,TRUE,1,12.202773,19.758386,1,0,0,2
WebPainting,P3,normal,FALSE,0,TRUE,1,FALSE,TRUE,5,TRUE,2,68.908393,134.623109,0,0,1,2
DOM:UIEvents&FocusHandling,P2,normal,TRUE,2,TRUE,1,TRUE,TRUE,3,TRUE,2,26.794668,23.413227,0,0,1,2
DOM:UIEvents&FocusHandling,P3,normal,FALSE,0,FALSE,0,FALSE,TRUE,6,TRUE,1,13.229189,16.188581,0,0,1,2
DOM:UIEvents&FocusHandling,P2,normal,FALSE,0,FALSE,0,FALSE,TRUE,6,TRUE,1,39.525753,20.616048,0,0,1,2
DOM:UIEvents&FocusHandling,P3,critical,FALSE,0,FALSE,0,FALSE,TRUE,1,TRUE,1,22.929585,48.039627,0,1,1,2
DOM:UIEvents&FocusHandling,P2,normal,TRUE,1,TRUE,1,FALSE,TRUE,6,TRUE,2,3.48107,12.658622,0,0,1,2
DOM:UIEvents&FocusHandling,P2,normal,TRUE,2,TRUE,1,TRUE,TRUE,4,TRUE,1,12.063149,25.784431,0,0,1,2
DOM:UIEvents&FocusHandling,??,normal,FALSE,0,TRUE,1,FALSE,TRUE,7,TRUE,2,7.04382,14.559532,0,0,1,2
DOM:UIEvents&FocusHandling,P3,normal,TRUE,2,FALSE,0,FALSE,TRUE,4,FALSE,0,35.297054,21.724275,0,0,1,2
DOM:UIEvents&FocusHandling,P3,normal,FALSE,0,FALSE,0,FALSE,TRUE,2,TRUE,1,17.502433,11.789045,0,1,0,2
DOM:UIEvents&FocusHandling,P3,normal,TRUE,2,TRUE,1,FALSE,TRUE,6,TRUE,1,19.700916,24.178044,0,0,2,2
Widget:Win32,P1,critical,FALSE,0,FALSE,0,FALSE,TRUE,3,TRUE,1,21.815573,44.419959,0,1,1,2
Widget:Win32,P1,critical,FALSE,0,TRUE,1,FALSE,TRUE,6,TRUE,1,34.034273,42.894559,0,0,1,2
Widget:Win32,??,normal,FALSE,0,TRUE,2,FALSE,TRUE,4,TRUE,4,17.295962,13.760466,0,0,1,2
Widget:Win32,P3,normal,FALSE,0,FALSE,0,TRUE,TRUE,5,TRUE,1,21.475831,12.928111,0,1,0,2
Widget:Win32,??,normal,FALSE,0,TRUE,1,TRUE,TRUE,4,TRUE,1,22.208768,17.874076,0,1,0,2
Widget:Win32,P3,normal,FALSE,0,FALSE,0,FALSE,TRUE,3,TRUE,1,25.520146,-0.77418,1,0,0,2
Widget:Win32,??,normal,FALSE,0,FALSE,0,TRUE,FALSE,0,TRUE,1,11.358228,25.994841,0,0,1,2
Widget:Win32,??,normal,FALSE,0,TRUE,1,FALSE,TRUE,5,TRUE,1,15.727468,40.354055,0,1,0,2
Widget:Win32,P3,normal,FALSE,0,FALSE,0,FALSE,TRUE,15,TRUE,2,4.10132,12.038595,0,0,1,2
Widget:Win32,??,critical,FALSE,0,TRUE,3,FALSE,TRUE,27,TRUE,1,10.736592,39.457419,1,1,0,2
Storage:localStorage&sessionStorage,P1,normal,FALSE,0,TRUE,1,FALSE,TRUE,4,TRUE,5,21.157727,23.834213,0,1,0,2
Storage:localStorage&sessionStorage,P2,critical,FALSE,0,TRUE,1,FALSE,TRUE,5,TRUE,1,19.351775,34.893504,0,1,0,2
Storage:localStorage&sessionStorage,P1,normal,FALSE,0,TRUE,2,TRUE,TRUE,6,TRUE,5,23.488197,22.431288,0,0,1,2
Storage:localStorage&sessionStorage,P2,normal,FALSE,0,TRUE,3,FALSE,TRUE,1,FALSE,0,57.488729,141.094313,0,0,1,2
Storage:localStorage&sessionStorage,P3,normal,TRUE,1,TRUE,2,FALSE,TRUE,3,FALSE,0,19.514705,63.422671,0,0,1,2
Storage:localStorage&sessionStorage,??,critical,TRUE,1,TRUE,1,TRUE,FALSE,0,FALSE,0,44.049816,48.549027,0,1,1,2
Storage:localStorage&sessionStorage,P5,normal,TRUE,1,TRUE,1,FALSE,TRUE,1,FALSE,0,49.521494,73.743561,0,0,1,2
Storage:localStorage&sessionStorage,??,critical,TRUE,1,TRUE,1,TRUE,FALSE,0,FALSE,0,36.607468,51.702495,0,0,1,2
Storage:localStorage&sessionStorage,P1,normal,FALSE,0,TRUE,2,FALSE,TRUE,9,TRUE,4,10.973137,31.916441,0,1,0,2
Storage:localStorage&sessionStorage,P5,normal,FALSE,0,TRUE,1,FALSE,TRUE,1,FALSE,0,49.638012,51.50083,1,0,0,2
DOM:Events,P1,normal,TRUE,1,FALSE,0,FALSE,TRUE,6,FALSE,0,15.993138,11.725451,0,0,1,2
DOM:Events,??,normal,FALSE,0,FALSE,0,FALSE,FALSE,0,TRUE,1,11.289773,13.108968,0,0,1,2
DOM:Events,P5,normal,FALSE,0,TRUE,1,FALSE,TRUE,2,TRUE,1,23.489609,149.817199,0,0,1,2
DOM:Events,P3,normal,FALSE,0,FALSE,0,FALSE,TRUE,5,TRUE,1,15.112225,16.841812,0,1,0,2
DOM:Events,P1,major,TRUE,1,TRUE,1,FALSE,TRUE,22,TRUE,1,13.210987,17.983894,0,0,1,2
DOM:Events,P1,normal,TRUE,1,FALSE,0,FALSE,TRUE,5,TRUE,1,18.861269,12.440493,0,0,1,2
DOM:Events,??,normal,FALSE,0,FALSE,0,FALSE,TRUE,3,TRUE,3,13.685283,20.060424,0,0,1,2
DOM:Events,P2,normal,TRUE,1,TRUE,1,FALSE,TRUE,4,FALSE,0,18.886398,41.93775,0,0,1,2
DOM:Events,P1,normal,TRUE,1,FALSE,0,FALSE,TRUE,11,FALSE,0,9.914773,13.25478,0,0,1,2
DOM:Events,??,normal,TRUE,1,TRUE,1,FALSE,TRUE,4,TRUE,1,8.636153,16.912755,0,1,0,2
Layout:TextandFonts,??,normal,FALSE,0,TRUE,2,FALSE,TRUE,4,TRUE,3,48.481846,162.072326,0,1,0,2
Layout:TextandFonts,P3,normal,FALSE,0,FALSE,0,FALSE,TRUE,4,TRUE,2,12.632983,18.970359,0,1,1,2
Layout:TextandFonts,P5,normal,FALSE,0,TRUE,1,FALSE,TRUE,3,TRUE,2,27.948893,70.484567,0,0,1,2
Layout:TextandFonts,??,normal,FALSE,0,FALSE,0,FALSE,TRUE,3,TRUE,2,15.930559,33.293817,0,1,0,2
Layout:TextandFonts,P3,normal,TRUE,1,FALSE,0,FALSE,TRUE,3,TRUE,2,35.737371,113.243818,0,0,1,2
Layout:TextandFonts,P5,normal,FALSE,0,FALSE,0,FALSE,TRUE,3,TRUE,1,34.001371,69.656421,0,1,0,2
Layout:TextandFonts,P3,normal,FALSE,0,FALSE,0,FALSE,TRUE,5,TRUE,3,15.427594,22.517554,0,1,0,2
Layout:TextandFonts,P3,normal,FALSE,0,TRUE,2,FALSE,TRUE,4,TRUE,1,23.373916,20.126194,0,0,1,2
Layout:TextandFonts,P2,normal,FALSE,0,TRUE,3,FALSE,TRUE,2,TRUE,2,27.159718,151.882477,0,0,1,2
Layout:TextandFonts,P3,normal,FALSE,0,FALSE,0,FALSE,TRUE,3,TRUE,4,25.214246,15.862878,0,0,1,2
DOM:Security,P5,normal,FALSE,0,FALSE,0,FALSE,TRUE,3,TRUE,1,22.184175,41.879665,0,1,0,2
DOM:Security,P2,normal,FALSE,0,TRUE,2,TRUE,TRUE,2,TRUE,2,5.856677,29.106669,0,1,0,2
DOM:Security,P2,normal,FALSE,0,TRUE,3,TRUE,TRUE,5,TRUE,1,14.642218,-0.77418,0,0,1,2
DOM:Security,P5,normal,FALSE,0,FALSE,0,FALSE,TRUE,3,FALSE,0,23.427938,70.031181,0,1,0,2
DOM:Security,P1,normal,FALSE,0,FALSE,0,FALSE,TRUE,3,TRUE,1,26.433483,34.162164,0,0,1,2
DOM:Security,P5,normal,FALSE,0,FALSE,0,FALSE,TRUE,2,TRUE,1,18.765644,36.220754,0,1,1,2
DOM:Security,P2,normal,TRUE,1,TRUE,1,FALSE,TRUE,3,FALSE,0,18.829468,42.02605,0,0,1,2
DOM:Security,P4,normal,FALSE,0,FALSE,0,TRUE,TRUE,1,FALSE,0,19.216283,27.816881,0,1,0,2
DOM:Security,P1,critical,TRUE,1,TRUE,1,FALSE,TRUE,2,TRUE,1,32.975273,40.427898,0,0,1,2
DOM:Security,P2,normal,TRUE,1,TRUE,2,FALSE,TRUE,7,TRUE,1,21.62763,17.255813,0,0,1,2
SVG,P3,normal,FALSE,0,FALSE,0,TRUE,FALSE,0,TRUE,3,19.441468,18.051767,0,0,1,2
SVG,??,normal,FALSE,0,FALSE,0,FALSE,TRUE,1,TRUE,1,24.243727,20.989556,1,0,0,2
SVG,??,normal,FALSE,0,TRUE,1,FALSE,TRUE,3,TRUE,2,12.309773,70.16692,1,0,0,2
SVG,P5,normal,FALSE,0,FALSE,0,FALSE,TRUE,2,FALSE,0,27.706659,84.632727,1,0,1,2
SVG,P2,normal,FALSE,0,TRUE,1,FALSE,TRUE,10,TRUE,2,12.699773,188.559082,0,0,1,2
SVG,P5,normal,FALSE,0,FALSE,0,FALSE,TRUE,2,TRUE,1,29.863746,62.409086,0,1,0,2
SVG,??,normal,FALSE,0,TRUE,1,FALSE,TRUE,5,TRUE,2,66.680394,151.273224,1,0,0,2
SVG,??,critical,FALSE,0,TRUE,2,FALSE,TRUE,2,TRUE,2,75.595468,93.492834,0,0,1,2
SVG,P3,normal,FALSE,0,TRUE,1,FALSE,TRUE,6,TRUE,7,43.75542,136.334808,0,0,1,2
SVG,??,normal,FALSE,0,FALSE,0,TRUE,FALSE,0,TRUE,2,16.133594,25.218083,0,1,1,2
